cellLabelInImage,X,Y,cluster,patient_id
,172.0714,20.27178,0,26
,1952.938,200.3782,6,26
,1851.657,218.9765,2,26
,704.8466,238.0,0,26
,1224.439,309.6547,3,26
,1198.608,358.6,0,26
,688.2647,424.4853,0,26
,700.485,434.1827,0,26
,1034.864,440.1495,6,26
,597.3677,445.9097,0,26
,1908.288,494.2627,5,26
,2003.438,553.2264,1,26
,1350.818,565.875,1,26
,1363.247,631.0753,1,26
,687.1338,628.2484,0,26
,751.4394,684.1013,0,26
,437.2952,683.6571,0,26
,742.7982,702.1651,0,26
,935.33,715.3424,0,26
,1065.252,733.0888,0,26
,198.5481,821.8269,0,26
,443.7921,823.9406,0,26
,103.5294,892.0882,0,26
,1160.305,940.1463,1,26
,411.0151,943.7261,0,26
,132.35,952.98,0,26
,1142.07,1020.797,0,26
,1464.5,1040.669,0,26
,143.1395,1089.465,0,26
,1525.207,1109.598,3,26
,1482.62,1110.254,3,26
,422.6022,1128.866,0,26
,387.3744,1151.56,0,26
,76.7037,1152.889,0,26
,88.65789,1157.258,0,26
,1526.787,1172.443,3,26
,416.9342,1199.013,0,26
,408.0053,1206.847,0,26
,1646.477,1289.622,6,26
,1273.55,1303.644,3,26
,110.7189,1342.189,5,26
,1759.958,1349.462,1,26
,1758.5,1371.894,6,26
,1202.019,1502.717,3,26
,1779.315,1550.36,0,26
,1698.672,1667.605,0,26
,1247.571,1679.736,3,26
,1929.269,1807.8,1,26
,630.0282,1993.731,0,26
,1884.786,148.7037,2,26
,1906.38,5.0,5,26
,1993.802,7.451477,5,26
,489.7789,8.149474,0,26
,1835.491,8.769912,5,26
,1568.803,10.78082,5,26
,1933.729,14.40946,5,26
,450.2001,31.5581,0,26
,629.4651,21.74014,0,26
,1997.504,24.38046,5,26
,553.2059,27.64135,0,26
,591.8644,26.03333,0,26
,1884.227,22.57702,5,26
,1963.706,20.20842,5,26
,1979.026,29.47544,5,26
,246.431,35.17241,0,26
,185.2424,44.72475,0,26
,1987.713,46.34005,5,26
,355.9392,59.01728,0,26
,302.919,48.83071,0,26
,389.0202,56.53945,0,26
,2021.161,60.3311,5,26
,215.7477,63.24408,0,26
,582.6812,61.37391,0,26
,2004.016,70.1521,5,26
,617.2891,74.34554,0,26
,518.8389,71.57168,0,26
,2029.55,73.39276,5,26
,825.7018,74.07455,0,26
,339.5492,80.42718,0,26
,433.4884,76.54651,0,26
,1310.705,77.06329,5,26
,654.4556,78.07661,0,26
,1325.328,79.92429,5,26
,1991.523,81.19006,5,26
,2041.183,82.70286,5,26
,1964.186,83.45767,5,26
,225.4,88.71613,0,26
,1884.077,93.91296,5,26
,2022.984,93.56313,5,26
,880.7883,94.03728,0,26
,596.9536,99.02029,0,26
,151.8596,100.7477,0,26
,1314.511,99.68635,5,26
,1866.033,100.7336,2,26
,823.8028,102.0832,0,26
,564.3637,91.8478,0,26
,1993.606,103.6321,1,26
,542.7038,105.3981,0,26
,1825.169,106.6844,5,26
,1198.992,108.6457,5,26
,241.229,110.8075,0,26
,386.4828,111.6494,0,26
,203.8862,107.4853,0,26
,726.9987,114.3526,0,26
,1206.404,117.7116,5,26
,1875.183,116.2006,2,26
,1926.032,117.1055,2,26
,1979.918,112.8854,0,26
,2028.91,122.6287,6,26
,874.5319,119.2452,0,26
,1248.499,122.6278,5,26
,1822.556,128.0314,2,26
,1057.797,131.9715,5,26
,807.0,133.0625,0,26
,137.335,135.7175,0,26
,864.6488,138.0303,0,26
,960.8226,131.4957,0,26
,1033.216,135.7294,5,26
,832.9512,137.3659,0,26
,984.2925,137.4743,0,26
,403.2308,137.6538,0,26
,532.3266,128.6049,0,26
,846.1871,141.3161,0,26
,1753.908,143.0942,5,26
,928.1665,143.5862,0,26
,1011.383,138.8147,0,26
,1203.127,142.0998,5,26
,1953.966,139.4829,2,26
,1909.531,149.9744,2,26
,578.0758,147.2949,0,26
,1992.324,138.0671,0,26
,1250.584,151.208,5,26
,895.2254,148.7682,0,26
,172.379,146.3855,0,26
,417.5556,152.0889,0,26
,836.7601,159.5587,0,26
,724.8965,151.0062,0,26
,755.1341,155.3244,0,26
,464.989,156.5463,0,26
,784.5538,160.3056,0,26
,328.2196,162.2118,0,26
,1063.748,162.1293,0,26
,2037.146,164.6937,6,26
,140.4274,165.5705,0,26
,1024.896,173.0379,0,26
,1874.373,168.7747,2,26
,692.8327,168.9662,0,26
,810.992,169.504,0,26
,996.245,185.1193,0,26
,867.7438,173.7052,0,26
,934.0655,178.8466,0,26
,1889.305,175.7563,2,26
,733.4218,179.7949,0,26
,1041.762,187.3249,0,26
,1983.116,184.5755,0,26
,2020.824,184.7777,0,26
,888.0863,187.741,0,26
,790.896,190.2512,0,26
,1859.475,188.6526,2,26
,1072.17,188.5442,0,26
,1101.88,186.8261,0,26
,1891.435,191.2778,2,26
,850.546,195.404,0,26
,306.1973,201.5019,0,26
,758.625,197.9926,0,26
,813.8674,205.1315,0,26
,174.875,205.7375,0,26
,906.9343,220.4634,6,26
,377.6015,207.6,0,26
,1052.26,207.1703,0,26
,1782.569,208.5216,5,26
,1885.43,207.4609,2,26
,967.01,207.9831,6,26
,452.153,207.6091,0,26
,1836.568,214.241,2,26
,1999.739,218.902,6,26
,182.1087,223.558,0,26
,1146.119,222.5107,2,26
,733.3479,222.675,0,26
,1960.338,223.3348,6,26
,1071.225,224.8874,0,26
,767.4742,225.3908,0,26
,1169.408,231.3804,2,26
,1783.235,225.5269,5,26
,1000.439,226.3207,6,26
,626.5014,227.136,0,26
,1090.706,225.7638,0,26
,287.9386,232.5,0,26
,1046.933,230.8322,0,26
,1112.188,232.4242,0,26
,1186.751,233.6029,2,26
,1214.281,234.253,2,26
,336.6241,237.7139,0,26
,434.4737,236.2018,0,26
,402.4611,239.4466,0,26
,1825.498,239.7628,5,26
,2031.594,239.9189,0,26
,1152.773,253.2345,2,26
,804.95,245.7143,0,26
,1583.496,247.916,5,26
,2004.974,252.5521,0,26
,349.2154,263.9204,0,26
,944.7721,237.3351,6,26
,1032.788,255.4848,6,26
,1972.593,254.5442,0,26
,251.7016,250.8496,0,26
,1106.629,255.0386,0,26
,1227.993,256.6808,2,26
,1074.897,258.6312,6,26
,299.9218,262.6088,0,26
,1016.356,258.6511,6,26
,766.6202,262.7317,0,26
,981.4751,261.7332,6,26
,428.6679,263.3969,0,26
,1171.456,264.551,2,26
,392.2364,266.6074,0,26
,1589.102,272.2833,5,26
,570.7442,274.3996,0,26
,935.2713,275.3659,6,26
,285.728,275.8425,0,26
,721.4356,278.0184,0,26
,1234.5,278.1379,2,26
,873.5529,282.3412,0,26
,1946.103,285.1357,4,26
,1077.567,287.3536,6,26
,2028.64,287.3041,0,26
,526.4896,292.8591,0,26
,1860.105,288.4012,4,26
,929.2573,293.8246,6,26
,1015.523,294.6935,6,26
,453.7339,296.8971,0,26
,1855.051,300.9771,4,26
,1990.229,291.7996,0,26
,703.9783,303.6628,0,26
,725.7652,303.5101,0,26
,1377.737,304.4274,5,26
,493.6138,305.2631,0,26
,430.0955,308.6784,0,26
,977.3506,308.6753,6,26
,387.2805,307.9359,0,26
,835.7667,308.9083,0,26
,1171.719,311.4692,3,26
,919.0725,312.3333,6,26
,343.4384,315.9134,0,26
,1979.739,316.1196,0,26
,2022.164,317.6263,0,26
,762.1695,323.0814,0,26
,421.2235,325.4353,0,26
,745.0789,323.4222,0,26
,696.1914,325.4097,0,26
,478.1691,328.2026,0,26
,782.6589,327.7383,0,26
,823.2773,328.1829,0,26
,1133.2,331.4319,6,26
,841.0945,336.0228,0,26
,1011.436,335.7227,6,26
,446.5806,337.4385,0,26
,1046.621,323.1168,6,26
,1159.295,342.6574,0,26
,2036.775,341.8088,0,26
,577.3056,344.0321,0,26
,1763.66,348.6111,5,26
,1099.208,349.0822,6,26
,776.6997,350.0735,0,26
,1223.096,349.9478,0,26
,500.8805,353.882,0,26
,764.4542,361.3904,0,26
,914.0639,359.9859,0,26
,1275.215,361.4727,0,26
,404.2825,363.0565,0,26
,1068.596,365.5633,6,26
,2025.693,368.3196,0,26
,534.9602,377.187,0,26
,625.0863,364.0319,0,26
,779.0245,368.7343,0,26
,1294.099,367.7042,0,26
,601.7085,371.7675,0,26
,1958.952,370.6298,0,26
,1136.161,370.6505,0,26
,646.4981,375.5472,0,26
,1244.081,377.5342,0,26
,971.384,381.936,6,26
,1192.512,383.5133,0,26
,1223.097,381.9605,0,26
,399.3312,380.9805,0,26
,906.4261,388.5333,0,26
,467.4221,392.4943,0,26
,1024.564,392.7855,6,26
,1410.961,401.521,5,26
,1958.308,390.6426,1,26
,1981.393,395.5276,0,26
,1993.313,395.6395,0,26
,1682.138,396.2607,5,26
,1151.317,398.1262,0,26
,1297.731,397.9547,0,26
,981.6806,400.5947,6,26
,959.4632,400.8462,0,26
,576.1828,401.3029,0,26
,1232.116,402.7816,0,26
,607.1521,401.9513,0,26
,1963.231,408.7212,0,26
,700.5757,406.8612,0,26
,997.7148,410.043,6,26
,1174.179,412.2493,0,26
,2010.563,410.9672,0,26
,843.7423,413.6546,0,26
,465.0227,412.7781,0,26
,1992.716,411.1653,0,26
,2035.948,406.9342,0,26
,497.5244,413.3381,0,26
,1260.442,411.878,0,26
,1977.722,420.8523,0,26
,1938.833,421.3327,1,26
,427.8368,422.3316,0,26
,1013.954,424.5893,6,26
,389.0472,427.0661,0,26
,1101.051,424.5637,6,26
,2024.432,425.3014,0,26
,1133.292,428.2906,0,26
,413.7184,429.6418,0,26
,786.8837,431.6211,0,26
,1563.894,430.7513,5,26
,1252.124,435.5933,0,26
,1282.669,433.4572,0,26
,1998.985,434.5413,0,26
,448.1743,437.613,0,26
,472.0759,439.3038,0,26
,770.1906,441.6494,0,26
,1059.726,448.0613,6,26
,1760.136,447.3551,5,26
,1964.303,448.7282,0,26
,528.6552,454.5439,0,26
,960.951,454.8595,6,26
,1148.594,454.6709,0,26
,455.7095,459.4606,0,26
,1020.38,458.425,6,26
,998.996,458.5341,6,26
,477.258,455.587,0,26
,1254.849,465.3087,0,26
,2039.835,466.4885,0,26
,1210.242,467.0372,0,26
,2008.486,472.6608,1,26
,1290.873,470.3173,0,26
,1113.597,476.3159,0,26
,464.4286,476.6888,0,26
,1053.215,476.0307,6,26
,2025.807,477.8753,1,26
,978.5037,481.4007,6,26
,1018.129,478.9489,6,26
,1037.073,477.7683,6,26
,687.4735,481.8788,0,26
,731.8139,486.3493,0,26
,1269.43,485.8678,0,26
,1310.849,488.5785,0,26
,665.8118,490.6478,0,26
,1168.358,488.5524,0,26
,1213.437,491.066,0,26
,2035.242,493.725,1,26
,1867.799,497.0672,5,26
,972.1197,499.9202,6,26
,999.1294,498.0812,6,26
,703.3321,500.0568,0,26
,850.6892,501.5676,0,26
,1127.846,504.468,0,26
,1146.926,505.6544,0,26
,1324.525,509.6721,0,26
,1241.523,509.817,0,26
,518.4468,515.8582,0,26
,866.1873,518.2988,0,26
,736.4304,518.4772,0,26
,1168.701,520.1715,0,26
,677.1498,521.8877,0,26
,528.3984,524.4453,0,26
,1215.635,529.4206,0,26
,606.1159,533.2636,0,26
,1776.451,531.3273,5,26
,1268.586,532.0857,0,26
,525.2071,541.7339,0,26
,773.3805,542.1827,0,26
,939.8488,539.4296,0,26
,1019.537,540.6795,6,26
,737.669,543.8227,0,26
,548.4125,546.2875,0,26
,1138.33,543.4458,0,26
,1097.857,547.8657,0,26
,1259.438,552.8608,0,26
,539.6733,555.7067,0,26
,971.4351,557.3284,0,26
,795.8893,560.5119,0,26
,1160.404,561.9003,0,26
,1482.489,559.1577,5,26
,1198.244,559.2807,0,26
,1244.698,564.8679,0,26
,625.7218,566.0982,0,26
,1080.141,565.7987,0,26
,482.3586,568.3586,0,26
,897.6577,574.2416,0,26
,908.1667,574.8246,0,26
,1131.161,573.4563,0,26
,1171.295,575.7989,0,26
,527.2995,576.8376,0,26
,963.8122,578.3561,0,26
,1111.713,583.8128,0,26
,1188.213,584.0875,0,26
,1279.878,585.9799,0,26
,754.7006,587.2036,0,26
,1343.91,589.8731,1,26
,654.012,590.5806,0,26
,630.4909,591.8994,0,26
,543.3371,593.779,0,26
,1143.303,592.7297,0,26
,866.1756,585.047,0,26
,1022.184,600.5351,0,26
,1170.808,600.5097,0,26
,1086.096,602.4554,0,26
,897.1078,603.4012,0,26
,913.8778,599.1487,0,26
,557.4113,605.4043,0,26
,615.7855,608.4913,0,26
,1064.742,608.9888,0,26
,759.3259,613.1629,0,26
,535.4641,612.0654,0,26
,816.2174,610.7174,0,26
,1182.339,618.2778,0,26
,1033.211,623.6876,0,26
,940.3642,627.6936,0,26
,1277.429,628.5595,0,26
,391.3929,628.9457,1,26
,1160.922,628.9441,0,26
,965.5019,629.2008,0,26
,534.4589,630.7316,0,26
,806.2617,631.2461,0,26
,1003.574,632.7556,0,26
,1477.996,632.2753,5,26
,585.095,636.7587,0,26
,863.5619,640.2129,0,26
,1071.416,639.8435,0,26
,785.1885,641.3975,0,26
,751.2746,646.0652,0,26
,376.3313,647.5081,1,26
,636.068,648.2381,0,26
,1154.413,655.5413,0,26
,830.3488,661.9945,0,26
,406.6489,664.1596,0,26
,780.4155,675.7878,0,26
,1132.854,661.9602,0,26
,426.5112,665.3911,0,26
,542.7366,668.4516,0,26
,1283.081,668.4556,0,26
,485.5607,671.5941,0,26
,720.9156,671.0884,0,26
,367.6339,672.5092,0,26
,443.7556,665.7167,0,26
,898.1571,672.6381,0,26
,393.4339,674.6174,0,26
,528.2226,670.7244,0,26
,817.3086,673.4321,0,26
,1004.299,673.4464,0,26
,1297.132,673.18,1,26
,504.9758,675.0323,0,26
,1775.526,673.9397,1,26
,466.9713,676.6519,0,26
,1236.147,676.0419,0,26
,2007.185,675.9624,1,26
,540.12,684.8057,0,26
,794.272,687.842,0,26
,619.6384,690.4919,0,26
,1984.092,688.8869,1,26
,1156.862,692.5929,0,26
,1782.978,691.8394,1,26
,548.4706,692.8088,0,26
,605.189,696.299,0,26
,407.1101,697.4073,0,26
,1805.772,699.0443,1,26
,509.591,700.8404,0,26
,553.2631,709.884,0,26
,1858.367,696.1825,1,26
,629.1674,704.9515,0,26
,665.5275,703.4286,0,26
,874.8543,705.0596,0,26
,1112.786,709.5892,0,26
,1797.603,706.3151,1,26
,2039.345,707.1655,1,26
,1933.381,708.791,1,26
,1990.317,708.5539,1,26
,1968.459,712.8501,1,26
,1177.772,714.5313,0,26
,783.768,712.966,0,26
,534.929,714.7742,0,26
,2014.564,716.2863,1,26
,572.3988,717.1532,0,26
,651.006,716.5682,0,26
,951.0417,716.6731,0,26
,454.4895,717.2222,0,26
,1765.374,719.3053,1,26
,378.4125,722.1542,0,26
,1946.695,723.1027,1,26
,592.8528,724.7259,0,26
,845.7464,725.699,0,26
,635.8676,728.6027,0,26
,612.031,730.9702,0,26
,2036.516,730.3158,1,26
,402.4825,730.8103,0,26
,429.9668,731.2221,0,26
,981.0189,732.5975,0,26
,733.1684,729.887,0,26
,1913.527,735.963,1,26
,669.7426,735.6029,0,26
,1863.681,733.4982,1,26
,363.7234,736.2021,0,26
,509.8433,737.7761,0,26
,1760.682,739.1411,1,26
,2019.144,748.616,2,26
,694.1342,742.6147,0,26
,414.567,751.5249,0,26
,469.9981,757.7128,0,26
,597.3235,750.3235,0,26
,532.0105,752.7842,6,26
,589.1985,752.6718,0,26
,924.9918,764.8,0,26
,1973.149,750.6951,2,26
,389.7143,754.8182,0,26
,737.7575,756.2451,0,26
,837.2836,755.5745,0,26
,1881.04,757.4713,1,26
,782.0339,759.4407,0,26
,1934.32,753.8879,2,26
,512.7199,763.2141,6,26
,1898.328,756.1841,1,26
,766.9289,767.3629,0,26
,1857.92,765.8782,0,26
,715.8158,769.2961,0,26
,656.6885,773.0861,0,26
,550.2516,768.3632,6,26
,831.6744,772.3199,0,26
,2004.789,773.1113,2,26
,448.0395,772.1285,0,26
,306.6158,780.5168,5,26
,788.0429,780.0857,0,26
,1019.782,779.1822,1,26
,1002.875,780.0489,1,26
,1910.367,780.0317,2,26
,581.9479,780.7834,6,26
,731.4467,783.5041,0,26
,372.6756,783.9467,0,26
,1843.721,785.8238,0,26
,1972.403,784.3669,2,26
,865.2427,786.4272,0,26
,911.3125,786.8125,0,26
,170.5088,787.4474,1,26
,1801.756,788.8898,1,26
,1875.438,792.2972,0,26
,1946.074,783.0057,2,26
,2032.93,792.6571,2,26
,784.7873,795.489,0,26
,1899.105,795.0332,2,26
,1990.525,794.6803,2,26
,1927.811,795.2222,2,26
,334.7163,797.8723,0,26
,439.6582,798.7472,0,26
,507.7286,799.3383,6,26
,171.1238,800.5941,0,26
,214.8981,799.9606,0,26
,634.2317,796.5026,0,26
,691.9885,801.1708,6,26
,1826.497,801.0503,0,26
,191.5396,800.8672,0,26
,480.5709,804.0111,0,26
,549.724,802.5063,6,26
,2012.433,806.688,2,26
,353.6279,807.8711,0,26
,1899.51,812.6964,2,26
,1982.235,812.2837,2,26
,576.3307,809.4514,6,26
,617.3638,815.405,0,26
,538.4145,816.7202,6,26
,1964.835,819.1158,2,26
,2034.0,819.5355,2,26
,843.872,820.9634,0,26
,1831.935,820.9119,0,26
,1938.99,823.2974,2,26
,1898.634,825.7561,2,26
,2007.151,826.4158,2,26
,636.3852,828.642,0,26
,878.5415,827.3171,0,26
,565.0199,831.6296,6,26
,350.7243,831.786,0,26
,1954.874,831.6053,2,26
,529.6975,832.793,0,26
,683.189,834.3011,6,26
,470.3347,839.2891,0,26
,705.0453,833.2535,6,26
,866.9459,838.2973,0,26
,158.7761,839.8945,0,26
,205.9647,840.7835,0,26
,626.1592,843.6817,0,26
,1847.522,841.6034,0,26
,238.1687,836.3012,0,26
,1916.021,843.5892,2,26
,1941.025,842.1216,2,26
,2024.215,842.7785,2,26
,2007.785,845.0311,2,26
,448.0974,848.1744,0,26
,1967.135,847.3936,2,26
,1821.854,848.3705,0,26
,1891.185,843.3951,2,26
,1650.946,853.2991,1,26
,569.4691,854.4956,0,26
,768.2892,854.6265,0,26
,869.8632,855.2137,0,26
,1919.47,860.3352,2,26
,423.2831,864.4722,0,26
,1941.169,861.3353,2,26
,1965.548,865.1602,2,26
,860.8449,864.7487,0,26
,187.1187,866.0477,0,26
,458.5338,868.4395,0,26
,1637.019,867.4518,1,26
,755.2981,869.0915,0,26
,276.2408,870.5612,0,26
,720.431,870.2542,6,26
,308.2475,871.1717,0,26
,492.7143,870.3187,0,26
,1842.102,870.653,0,26
,506.6283,872.5778,0,26
,520.2468,873.6234,0,26
,778.2751,874.5056,0,26
,1908.328,875.0474,2,26
,225.8946,876.4311,0,26
,376.3441,876.7527,0,26
,692.1562,878.1071,6,26
,580.0658,877.0928,0,26
,1986.685,878.451,2,26
,2021.822,880.5582,2,26
,1856.301,882.6397,0,26
,173.037,886.3889,0,26
,595.4974,884.1295,0,26
,1821.944,884.5306,1,26
,624.5885,887.175,0,26
,499.7971,888.7681,0,26
,526.0541,889.2703,0,26
,656.0882,887.6046,0,26
,123.943,893.7668,0,26
,674.9117,897.8622,6,26
,286.7856,895.0904,0,26
,380.4797,897.9966,0,26
,726.285,897.7,6,26
,418.9301,902.0082,0,26
,326.5938,902.9459,0,26
,590.5425,904.9123,0,26
,654.9406,907.5769,0,26
,706.5258,903.1909,6,26
,154.1946,905.6965,0,26
,614.3511,909.2219,0,26
,534.2186,908.5484,0,26
,1706.231,910.9689,1,26
,638.1673,915.5399,0,26
,727.335,916.8981,6,26
,295.3001,920.3947,0,26
,696.9425,923.5479,6,26
,168.2638,919.4623,0,26
,1873.319,925.3497,1,26
,454.0759,925.5506,0,26
,683.8943,926.3089,6,26
,378.7307,928.439,0,26
,1887.288,929.4153,0,26
,592.1698,931.467,0,26
,607.8298,931.9574,1,26
,1710.282,934.731,1,26
,732.8636,941.8442,6,26
,319.423,943.8573,0,26
,493.9394,945.9091,0,26
,507.5054,946.0897,0,26
,526.602,944.6965,0,26
,381.8357,951.6398,0,26
,472.3815,955.4895,0,26
,1120.828,957.4138,1,26
,1132.192,962.8583,1,26
,1188.527,963.4732,0,26
,2033.988,966.2846,0,26
,311.6423,967.5839,0,26
,440.4981,967.6247,0,26
,516.1102,973.5678,0,26
,547.0,971.6434,1,26
,217.8514,975.1176,2,26
,1371.294,975.2944,1,26
,193.568,977.8495,0,26
,1334.622,977.5778,1,26
,1139.804,979.5333,0,26
,1186.343,980.3636,0,26
,1358.31,982.2845,1,26
,2010.641,987.8795,1,26
,237.7733,985.2389,0,26
,534.0647,979.9478,0,26
,210.0492,986.4426,0,26
,260.0447,987.6672,0,26
,350.5375,988.5125,0,26
,546.8235,989.6353,1,26
,1216.043,988.0,6,26
,1377.207,990.0431,0,26
,1401.765,994.3368,0,26
,1165.197,993.9576,0,26
,292.3099,996.0235,0,26
,1146.506,997.9924,0,26
,378.801,997.5739,0,26
,201.051,1000.121,0,26
,1328.082,1005.088,0,26
,341.0412,1005.544,0,26
,553.4828,1001.874,1,26
,543.9359,1002.449,1,26
,1358.235,1005.992,0,26
,143.6427,1010.08,0,26
,165.4013,1009.42,0,26
,1239.396,1010.396,6,26
,2022.745,1012.689,1,26
,209.5245,1012.741,0,26
,1174.628,1016.715,0,26
,261.7143,1014.185,0,26
,324.9224,1014.052,0,26
,1116.951,1014.039,0,26
,1425.827,1013.385,0,26
,1391.135,1019.986,0,26
,1223.836,1021.041,6,26
,1451.25,1021.174,0,26
,178.3516,1022.722,0,26
,1307.652,1014.43,3,26
,402.1755,1023.654,0,26
,1410.433,1027.89,0,26
,1270.929,1024.573,6,26
,1973.623,1024.926,1,26
,310.7618,1025.259,0,26
,226.7687,1031.291,0,26
,1160.7,1033.478,0,26
,1178.011,1035.243,0,26
,255.072,1032.816,0,26
,526.61,1032.748,0,26
,202.9981,1037.846,0,26
,464.7019,1037.673,0,26
,497.8944,1040.255,0,26
,1220.75,1040.106,6,26
,1505.07,1044.047,3,26
,1397.704,1046.806,0,26
,384.985,1047.188,0,26
,1440.424,1050.643,0,26
,1062.041,1057.347,0,26
,1131.69,1060.417,0,26
,1219.333,1061.708,6,26
,1412.859,1055.055,0,26
,1335.324,1057.525,0,26
,1272.847,1061.19,6,26
,1387.644,1059.013,0,26
,1187.853,1058.28,6,26
,1372.081,1058.037,0,26
,229.1662,1062.707,0,26
,1485.932,1065.047,0,26
,1521.678,1064.989,3,26
,1304.11,1065.91,6,26
,1505.039,1067.484,3,26
,510.8951,1065.756,1,26
,1423.584,1071.337,0,26
,357.5139,1077.368,0,26
,1239.417,1074.265,6,26
,1441.555,1076.349,0,26
,527.9164,1074.411,1,26
,1084.162,1077.17,0,26
,1255.426,1076.152,6,26
,135.1902,1076.225,0,26
,1356.896,1077.518,0,26
,1290.802,1077.992,6,26
,1397.904,1079.835,0,26
,1205.408,1086.036,6,26
,1264.184,1084.092,6,26
,1474.277,1086.936,0,26
,119.2775,1089.36,0,26
,1287.03,1091.987,6,26
,105.0758,1091.53,0,26
,1059.37,1094.315,0,26
,327.1449,1092.841,0,26
,1271.398,1095.494,6,26
,387.9519,1092.871,0,26
,1090.902,1100.183,3,26
,1420.15,1100.232,3,26
,418.8689,1101.984,0,26
,1042.885,1105.503,0,26
,354.1248,1100.69,0,26
,1253.659,1105.782,6,26
,136.1136,1106.902,0,26
,971.2113,1108.32,0,26
,1396.701,1109.512,3,26
,1450.514,1109.373,3,26
,1202.764,1110.202,6,26
,108.7,1116.133,0,26
,1075.099,1115.339,3,26
,450.7575,1120.791,0,26
,1031.539,1119.657,0,26
,1567.968,1120.34,3,26
,1102.718,1120.093,3,26
,1136.187,1124.511,3,26
,315.0048,1125.919,0,26
,1409.583,1123.886,3,26
,178.9824,1125.947,0,26
,284.5771,1127.211,0,26
,1014.369,1128.328,0,26
,479.7548,1129.978,0,26
,972.2195,1130.033,0,26
,1426.699,1129.974,3,26
,375.8448,1133.526,0,26
,357.7959,1134.765,0,26
,1172.311,1135.771,3,26
,1455.365,1136.154,3,26
,981.75,1137.409,0,26
,1592.175,1136.619,3,26
,1545.802,1138.155,3,26
,499.9816,1137.825,5,26
,90.8172,1141.817,0,26
,956.0334,1140.596,5,26
,134.4025,1144.623,0,26
,1516.177,1146.447,3,26
,227.2377,1149.444,0,26
,1092.144,1151.025,3,26
,1569.443,1152.892,3,26
,193.4255,1156.34,0,26
,993.2857,1153.916,0,26
,265.8477,1154.947,0,26
,294.4976,1157.217,0,26
,1530.751,1154.876,3,26
,1155.654,1159.15,3,26
,1476.571,1161.226,3,26
,97.01613,1163.242,0,26
,1459.947,1163.355,3,26
,1545.664,1164.834,3,26
,1616.484,1163.734,3,26
,1489.331,1165.153,3,26
,86.60274,1168.356,0,26
,1216.788,1169.779,3,26
,1600.837,1169.295,3,26
,117.3113,1169.411,0,26
,1477.397,1171.063,3,26
,1505.937,1172.828,3,26
,1587.672,1173.218,3,26
,371.9296,1174.99,0,26
,1459.125,1176.792,3,26
,1174.651,1179.091,3,26
,1102.379,1182.075,3,26
,1247.084,1183.073,3,26
,1643.387,1184.08,3,26
,286.4425,1184.557,0,26
,362.879,1187.317,0,26
,245.6245,1184.891,0,26
,1599.605,1188.092,3,26
,1616.352,1188.94,3,26
,1514.472,1190.292,3,26
,1638.261,1197.81,3,26
,139.6576,1206.892,0,26
,1191.954,1213.551,3,26
,1555.492,1212.21,3,26
,1218.467,1221.485,3,26
,1059.298,1221.687,6,26
,130.1215,1221.43,0,26
,394.3978,1221.923,5,26
,1604.098,1224.77,3,26
,1620.684,1230.162,3,26
,1275.286,1230.091,3,26
,1126.803,1231.852,3,26
,240.5437,1233.244,0,26
,1255.289,1234.623,3,26
,1010.284,1240.215,1,26
,90.30597,1240.321,0,26
,1193.525,1239.984,3,26
,210.2584,1238.573,0,26
,182.1175,1244.066,0,26
,1571.814,1242.671,3,26
,119.1173,1249.162,0,26
,267.6221,1250.676,0,26
,346.4276,1247.41,0,26
,359.2093,1249.581,5,26
,296.8202,1250.155,0,26
,1058.287,1250.918,0,26
,101.2543,1250.491,0,26
,325.4329,1251.798,0,26
,1037.923,1251.297,1,26
,1078.51,1251.59,0,26
,154.6389,1256.023,0,26
,1622.306,1263.31,0,26
,1206.777,1266.646,3,26
,100.9868,1269.276,0,26
,131.3444,1266.762,0,26
,206.4737,1272.272,0,26
,1553.697,1271.874,3,26
,193.3411,1273.131,0,26
,1727.71,1273.804,1,26
,148.1447,1275.807,0,26
,284.9446,1283.127,0,26
,1178.744,1288.581,3,26
,1551.298,1288.75,3,26
,1744.049,1289.138,1,26
,113.2084,1293.771,0,26
,1053.05,1294.806,0,26
,992.7611,1297.794,4,26
,1207.218,1299.234,3,26
,1235.538,1303.027,3,26
,1663.76,1304.494,6,26
,243.4186,1308.925,0,26
,1097.803,1313.939,0,26
,1159.455,1305.955,0,26
,141.7646,1308.344,0,26
,1646.707,1311.807,6,26
,197.9016,1316.013,0,26
,1619.627,1315.373,6,26
,106.0213,1316.821,0,26
,1060.291,1317.709,0,26
,1735.009,1319.806,1,26
,1602.855,1324.018,6,26
,262.0415,1328.604,0,26
,1717.486,1329.917,1,26
,1641.199,1334.134,6,26
,1066.293,1342.67,0,26
,1593.018,1334.305,6,26
,1138.922,1339.617,0,26
,1626.685,1341.251,6,26
,1656.745,1347.921,6,26
,1094.502,1351.376,0,26
,1682.7,1347.221,6,26
,1302.963,1354.704,3,26
,1138.527,1356.373,0,26
,1731.174,1356.941,6,26
,1662.261,1360.685,6,26
,1622.595,1360.832,6,26
,1241.618,1366.63,3,26
,1638.246,1362.217,6,26
,1716.209,1368.18,6,26
,1155.228,1370.228,0,26
,1768.498,1369.922,1,26
,1646.638,1372.862,6,26
,1745.207,1372.398,6,26
,1666.621,1374.559,6,26
,1473.784,1379.531,0,26
,1696.38,1381.435,6,26
,1119.766,1370.024,0,26
,1736.929,1384.698,6,26
,1615.704,1385.537,6,26
,1084.736,1389.861,0,26
,1140.396,1391.912,0,26
,1638.406,1389.731,6,26
,1387.193,1392.814,0,26
,1158.926,1395.48,0,26
,1670.68,1396.232,6,26
,1267.048,1396.573,3,26
,1320.561,1399.528,3,26
,1127.033,1399.693,0,26
,1217.867,1399.553,3,26
,1027.336,1404.021,1,26
,1360.459,1404.026,3,26
,1686.845,1404.726,6,26
,1519.388,1406.642,2,26
,1150.112,1407.249,0,26
,1698.625,1410.286,6,26
,1412.25,1411.643,0,26
,1637.558,1414.043,6,26
,1123.036,1416.012,0,26
,1255.049,1416.132,3,26
,1423.49,1416.771,0,26
,1657.375,1414.703,6,26
,1727.45,1423.174,6,26
,1542.711,1425.668,2,26
,1285.457,1425.6,3,26
,1187.771,1428.766,3,26
,1083.753,1430.129,0,26
,1354.42,1427.569,3,26
,1374.311,1426.987,0,26
,1153.157,1426.134,0,26
,1051.25,1442.937,0,26
,1172.935,1436.061,0,26
,1527.568,1435.341,2,26
,1017.137,1438.379,1,26
,1511.498,1436.983,2,26
,1252.356,1442.228,3,26
,1543.588,1447.478,2,26
,1134.16,1455.435,0,26
,1159.163,1451.093,0,26
,1221.429,1454.364,3,26
,1526.109,1457.325,2,26
,1087.877,1460.906,0,26
,1191.8,1460.849,3,26
,1073.826,1462.518,0,26
,1108.856,1465.327,0,26
,1751.442,1466.11,0,26
,1157.497,1473.094,0,26
,1860.705,1473.639,0,26
,1508.426,1472.42,0,26
,1526.764,1475.609,2,26
,1537.163,1479.221,2,26
,1140.859,1483.762,0,26
,1517.111,1491.48,0,26
,1010.907,1494.583,0,26
,1098.449,1489.331,0,26
,1177.668,1501.317,3,26
,1481.318,1500.114,0,26
,1730.23,1500.257,0,26
,1528.035,1501.965,0,26
,436.5914,1512.785,0,26
,1445.018,1515.336,0,26
,1057.235,1517.217,0,26
,316.361,1517.129,0,26
,1784.442,1519.976,0,26
,1005.549,1519.409,0,26
,1071.028,1521.511,0,26
,1133.578,1528.137,0,26
,1745.042,1521.338,0,26
,977.7392,1524.183,1,26
,1088.425,1526.329,0,26
,339.732,1531.309,0,26
,317.0478,1537.319,0,26
,375.1,1535.359,0,26
,436.3945,1539.547,0,26
,216.6744,1539.953,0,26
,488.0946,1565.747,0,26
,1171.681,1545.764,3,26
,1002.903,1547.597,0,26
,959.2979,1542.603,0,26
,1240.467,1547.896,3,26
,200.1682,1550.704,0,26
,267.7683,1554.802,0,26
,908.3285,1558.273,1,26
,295.5499,1557.483,0,26
,339.9583,1557.59,0,26
,457.6864,1554.891,0,26
,1199.726,1558.888,3,26
,220.3611,1560.625,0,26
,397.1559,1560.346,0,26
,979.856,1563.456,0,26
,241.0308,1561.272,0,26
,998.5681,1565.516,0,26
,356.386,1568.144,0,26
,1724.837,1570.867,0,26
,266.6529,1570.312,0,26
,1112.724,1569.417,0,26
,202.0798,1572.559,0,26
,528.4696,1573.714,0,26
,153.7825,1575.335,0,26
,308.3682,1576.186,0,26
,1758.018,1578.391,0,26
,1233.356,1579.407,3,26
,1690.799,1579.649,0,26
,375.0952,1575.245,0,26
,1064.626,1582.589,0,26
,1031.975,1582.748,0,26
,280.1519,1584.887,0,26
,140.3669,1586.248,0,26
,451.2687,1586.003,0,26
,752.7199,1586.521,0,26
,352.7167,1589.279,0,26
,1216.888,1590.192,3,26
,909.8187,1593.217,0,26
,999.1871,1590.604,0,26
,206.5479,1592.561,0,26
,1729.298,1599.647,0,26
,227.0179,1597.698,0,26
,1809.781,1597.384,0,26
,1083.467,1602.982,0,26
,1835.119,1592.691,0,26
,1770.028,1603.17,0,26
,507.5065,1602.975,0,26
,823.5417,1608.273,0,26
,196.5284,1609.358,0,26
,420.1168,1608.507,0,26
,982.2723,1612.676,0,26
,243.5194,1609.513,0,26
,365.3641,1608.213,0,26
,212.4699,1610.066,0,26
,328.7418,1613.576,0,26
,96.5125,1615.825,0,26
,773.5,1627.142,0,26
,587.6815,1619.062,0,26
,1775.683,1620.986,0,26
,1835.091,1624.596,0,26
,604.6739,1627.028,0,26
,623.4053,1627.313,0,26
,809.7421,1625.052,0,26
,468.2058,1631.268,0,26
,1710.371,1631.617,0,26
,107.0117,1638.861,0,26
,487.157,1646.675,0,26
,1670.946,1635.883,0,26
,729.0782,1640.051,0,26
,1808.213,1640.036,0,26
,565.0302,1640.302,0,26
,1119.383,1641.989,0,26
,191.2112,1646.835,0,26
,1155.287,1646.975,0,26
,125.6823,1659.861,0,26
,929.25,1650.043,0,26
,236.6171,1649.147,0,26
,1027.998,1660.546,0,26
,1853.158,1657.761,0,26
,397.8227,1649.449,0,26
,1772.081,1655.086,0,26
,339.352,1654.25,0,26
,991.8731,1654.674,0,26
,624.3339,1655.432,0,26
,1410.063,1655.15,0,26
,287.0648,1661.354,0,26
,1140.944,1658.948,0,26
,253.8818,1662.186,0,26
,175.4978,1663.378,0,26
,1115.426,1665.191,0,26
,936.3755,1666.585,0,26
,1826.322,1665.016,0,26
,1060.708,1668.246,0,26
,110.3841,1668.285,0,26
,719.8171,1670.966,0,26
,1803.753,1669.946,0,26
,1774.651,1671.229,0,26
,1860.952,1671.97,0,26
,649.2784,1674.786,0,26
,1665.363,1675.409,0,26
,627.1153,1676.966,0,26
,773.3911,1668.602,0,26
,1687.101,1676.828,0,26
,860.355,1680.546,0,26
,1186.479,1682.986,3,26
,469.8354,1683.201,0,26
,596.3129,1693.79,0,26
,927.1212,1685.702,0,26
,253.4177,1694.063,0,26
,1741.527,1686.562,0,26
,1658.181,1687.387,0,26
,1163.402,1689.441,0,26
,104.1715,1690.077,0,26
,1777.871,1696.39,0,26
,1850.438,1696.806,0,26
,1636.532,1698.222,0,26
,1809.955,1699.441,0,26
,1351.94,1699.932,0,26
,1649.626,1702.225,0,26
,1760.025,1704.439,0,26
,1192.786,1711.231,0,26
,770.1424,1715.764,0,26
,1456.878,1706.059,0,26
,1500.838,1716.5,0,26
,701.0133,1721.379,0,26
,1595.056,1723.301,0,26
,1769.772,1724.622,0,26
,102.9617,1726.583,0,26
,557.8341,1728.41,0,26
,1563.881,1728.03,0,26
,1829.508,1726.913,0,26
,456.4015,1735.6,0,26
,1514.446,1738.482,0,26
,1798.36,1741.787,0,26
,1496.552,1741.586,0,26
,1938.848,1740.715,1,26
,556.4276,1743.72,0,26
,761.3541,1743.615,0,26
,1919.977,1747.366,1,26
,256.3548,1748.882,0,26
,273.9721,1751.167,0,26
,291.9416,1752.089,2,26
,1673.383,1754.312,0,26
,1069.831,1756.556,0,26
,484.3193,1759.021,0,26
,1810.244,1760.014,0,26
,1865.877,1756.942,0,26
,1833.154,1763.315,0,26
,286.1479,1767.809,2,26
,308.7851,1767.928,2,26
,74.79123,1770.719,0,26
,335.4921,1782.666,2,26
,1653.746,1771.456,0,26
,268.5213,1771.973,2,26
,32.11392,1772.962,0,26
,244.2466,1773.986,2,26
,640.183,1773.031,0,26
,1855.435,1776.593,0,26
,54.87412,1782.57,0,26
,1626.451,1777.44,0,26
,16.35165,1779.973,0,26
,1733.375,1786.5,0,26
,290.0743,1786.609,2,26
,686.8456,1786.818,0,26
,1900.52,1789.509,1,26
,31.50394,1790.522,0,26
,1880.618,1788.752,0,26
,97.22767,1793.254,0,26
,303.0395,1799.345,2,26
,1568.181,1800.804,0,26
,1863.663,1801.0,0,26
,1900.761,1809.275,1,26
,286.1773,1811.457,2,26
,1918.123,1811.388,1,26
,19.14523,1811.262,0,26
,167.7509,1820.517,0,26
,261.5207,1810.197,2,26
,305.3628,1816.123,2,26
,715.2095,1815.259,0,26
,5.976471,1819.541,0,26
,70.07724,1820.939,0,26
,640.9696,1818.901,0,26
,1895.573,1820.566,1,26
,241.8629,1822.713,2,26
,1914.316,1822.211,1,26
,1763.045,1824.529,0,26
,686.2094,1821.108,0,26
,117.5205,1826.274,0,26
,280.9669,1831.967,2,26
,823.9048,1829.642,0,26
,1616.334,1833.338,0,26
,101.8873,1837.914,0,26
,1567.368,1836.136,0,26
,978.7249,1839.461,0,26
,1076.597,1840.151,0,26
,1947.035,1841.782,1,26
,727.8465,1846.31,0,26
,850.8115,1845.49,0,26
,292.7487,1846.466,2,26
,268.4713,1848.153,2,26
,59.73006,1848.969,0,26
,1606.984,1850.348,0,26
,1862.452,1850.53,0,26
,699.9893,1852.201,0,26
,48.81287,1853.292,0,26
,1311.805,1857.765,0,26
,1985.626,1861.671,1,26
,1330.736,1849.51,0,26
,1352.424,1857.586,0,26
,1960.812,1864.425,1,26
,239.8403,1871.129,0,26
,377.5976,1871.742,0,26
,1973.054,1870.441,1,26
,265.7608,1872.764,0,26
,689.0118,1871.899,0,26
,1946.979,1872.991,1,26
,286.6667,1876.746,0,26
,1864.068,1878.866,0,26
,1966.25,1879.089,1,26
,55.53585,1880.881,0,26
,354.6463,1884.109,0,26
,1302.733,1886.613,0,26
,1881.844,1887.254,0,26
,561.021,1891.498,0,26
,257.0135,1890.351,0,26
,1791.746,1890.7,0,26
,1843.989,1891.598,0,26
,1319.192,1894.782,0,26
,1337.774,1901.306,0,26
,1434.661,1901.967,0,26
,531.4753,1903.882,0,26
,1936.959,1902.767,1,26
,1323.773,1910.571,0,26
,1152.928,1915.069,0,26
,1437.283,1929.772,0,26
,1635.992,1936.332,0,26
,1305.894,1934.752,0,26
,1904.054,1938.154,1,26
,128.2848,1939.579,0,26
,545.0547,1936.275,0,26
,1332.241,1937.968,0,26
,500.0442,1945.221,0,26
,1813.764,1943.698,0,26
,656.4005,1953.157,0,26
,53.12432,1953.584,0,26
,1703.963,1952.996,0,26
,1194.592,1956.614,0,26
,1922.635,1971.243,1,26
,227.4029,1975.799,0,26
,1696.045,1977.935,0,26
,1535.211,1994.149,0,26
,193.0663,1990.088,0,26
,220.4626,2002.885,0,26
,1672.905,2000.325,0,26
,1714.235,2002.851,0,26
,1324.039,2018.356,0,26
,326.9448,2017.808,0,26
,1684.825,2024.217,0,26
,1710.627,2027.929,0,26
,251.3189,2038.197,0,26
,294.4611,2039.756,0,26
,358.2844,2041.985,0,26
,218.7019,2041.385,0,26
,1702.251,2043.419,0,26
,1334.838,2042.092,0,26
,1760.363,561.498,5,26
,1732.495,142.9286,5,26
,1593.11,255.3498,5,26
,1553.877,358.2005,5,26
,1739.399,561.2477,5,26
,199.0766,11.36182,0,26
,717.1555,16.81015,0,26
,804.1047,16.57442,0,26
,271.2443,16.70529,0,26
,334.572,21.522,0,26
,663.6477,14.65625,0,26
,424.2705,24.23188,0,26
,222.6879,31.61219,0,26
,402.5064,35.19635,0,26
,517.0571,25.02386,0,26
,788.8464,41.45131,0,26
,655.8158,41.71053,0,26
,748.8231,44.9463,0,26
,820.7301,45.16528,0,26
,716.0317,49.48869,0,26
,264.8136,55.10682,0,26
,412.8923,60.08489,0,26
,1979.902,62.2,5,26
,729.7744,64.08772,0,26
,895.9199,67.16914,1,26
,754.9793,68.17617,0,26
,850.175,75.925,0,26
,447.7917,71.10833,0,26
,497.4212,75.81212,0,26
,785.8547,77.75473,0,26
,180.8651,76.23529,0,26
,311.0136,84.43439,0,26
,254.5056,85.9098,0,26
,706.0322,85.45708,0,26
,934.3994,77.43305,1,26
,1721.106,84.82979,5,26
,288.8276,87.42299,0,26
,733.767,87.4733,0,26
,907.1285,102.1732,1,26
,366.1892,95.58378,0,26
,438.9877,99.45691,0,26
,804.5137,99.76027,0,26
,630.9312,103.0258,0,26
,666.1178,99.85017,0,26
,171.5122,112.5122,0,26
,413.3129,117.7119,0,26
,781.4508,121.9531,0,26
,320.1871,127.6517,0,26
,374.4748,128.0846,0,26
,487.9593,126.2474,0,26
,450.2634,130.4782,0,26
,691.5448,130.4932,0,26
,714.6061,135.1861,0,26
,277.2426,138.6777,0,26
,625.6813,131.8209,0,26
,666.1332,134.2463,0,26
,244.5023,136.6056,0,26
,1549.152,145.1574,5,26
,1173.253,147.1978,5,26
,2021.555,150.0216,0,26
,228.7312,159.2841,0,26
,269.9592,157.0765,0,26
,513.3148,167.3368,0,26
,378.8686,162.164,0,26
,1106.165,160.813,0,26
,401.1395,161.4688,0,26
,355.0788,174.1175,0,26
,1203.0,172.3507,2,26
,1943.927,175.3476,2,26
,544.473,178.546,0,26
,211.2213,179.7186,0,26
,673.7385,182.7774,0,26
,582.7677,183.9134,0,26
,163.4309,185.0363,0,26
,248.3232,185.0402,0,26
,643.6754,186.7417,0,26
,416.2043,188.6298,0,26
,1147.114,190.1142,2,26
,481.5997,186.961,0,26
,197.7321,195.9097,0,26
,686.1538,198.5299,0,26
,342.2422,199.7782,0,26
,712.5932,201.9784,0,26
,1113.428,211.3312,0,26
,543.2775,213.9006,0,26
,1868.657,213.7875,2,26
,1924.799,212.3442,2,26
,1130.329,221.3097,0,26
,574.2731,215.1579,0,26
,250.7583,219.0656,0,26
,643.0207,221.1022,0,26
,878.4854,226.4976,0,26
,1892.185,230.1354,2,26
,836.4232,234.0429,0,26
,787.1977,232.1526,0,26
,675.4448,238.3848,0,26
,926.9329,238.7093,6,26
,1931.903,247.0229,4,26
,487.4492,242.5963,0,26
,1131.457,245.4,2,26
,625.8367,254.9046,0,26
,748.8419,252.6735,0,26
,1194.757,251.3446,2,26
,473.2459,255.4137,0,26
,551.1418,252.333,0,26
,878.8673,259.3106,0,26
,269.9746,261.8661,0,26
,1895.483,266.6556,4,26
,593.1804,259.5851,0,26
,700.8155,266.4825,0,26
,671.3103,269.6975,0,26
,1872.556,267.4912,4,26
,997.7793,269.331,6,26
,792.6672,275.1572,0,26
,258.7176,274.8168,0,26
,907.6417,277.0123,6,26
,741.3654,277.5205,0,26
,1249.01,277.8381,4,26
,1113.267,285.2274,6,26
,1131.264,281.2407,6,26
,1099.391,287.0724,6,26
,828.8277,273.4466,0,26
,597.7365,289.8664,0,26
,232.4316,287.8361,0,26
,1188.96,288.9301,2,26
,556.2503,292.6015,0,26
,308.2657,295.5635,0,26
,640.5544,292.9566,0,26
,272.0242,296.3032,0,26
,252.9577,296.5141,0,26
,764.0281,298.4384,0,26
,1211.748,300.7161,2,26
,805.9373,300.4039,0,26
,1916.271,302.7232,4,26
,1892.302,303.9274,4,26
,867.7971,308.5246,0,26
,1949.576,311.5349,4,26
,1110.236,310.4224,6,26
,2040.56,312.888,0,26
,612.5773,316.7405,0,26
,1241.771,322.9265,0,26
,600.1462,321.3615,0,26
,651.5408,333.7049,0,26
,945.874,321.173,6,26
,310.002,330.9562,0,26
,1216.325,326.4268,0,26
,1198.953,325.5162,3,26
,903.6762,332.7158,0,26
,2004.22,331.6667,0,26
,402.5633,333.0459,0,26
,925.7375,335.4,6,26
,799.7937,339.8238,0,26
,1320.831,337.1047,4,26
,521.7171,339.78,0,26
,612.6422,339.094,0,26
,825.0824,341.7176,0,26
,548.6808,340.5892,0,26
,1344.846,344.5407,5,26
,372.1036,347.5116,0,26
,815.3238,349.6192,0,26
,1246.06,352.3546,0,26
,834.2444,363.0392,0,26
,946.7407,362.9864,0,26
,1625.579,363.3149,5,26
,1172.305,364.4931,0,26
,679.9623,361.6587,6,26
,352.6715,362.7443,0,26
,455.7637,368.7966,0,26
,991.911,371.3848,6,26
,325.0419,368.7167,0,26
,1991.929,370.0258,0,26
,1400.453,371.7902,5,26
,718.3573,364.8261,0,26
,865.9081,372.8196,0,26
,337.4864,380.0646,0,26
,832.6565,382.0669,0,26
,1085.829,382.7265,6,26
,1266.564,382.5485,0,26
,934.6022,392.8637,0,26
,1388.808,400.0459,5,26
,831.4253,396.6149,0,26
,767.1687,400.4381,0,26
,358.9781,398.0835,0,26
,670.2299,403.1722,0,26
,1070.956,402.4034,6,26
,1337.926,401.894,1,26
,1530.193,403.6605,5,26
,1437.958,405.3205,5,26
,391.5066,406.4317,0,26
,729.1823,407.4948,0,26
,798.7886,406.0621,0,26
,860.7515,411.2722,0,26
,348.2477,417.3318,0,26
,1449.471,418.4129,5,26
,1547.762,419.5416,5,26
,1214.81,420.0284,0,26
,548.2607,426.4587,0,26
,885.7653,423.517,0,26
,964.7647,425.2603,6,26
,932.0492,423.5082,0,26
,1424.061,424.8475,5,26
,1516.914,427.7868,5,26
,650.2342,418.1157,0,26
,624.0812,426.5245,0,26
,1309.252,430.9871,0,26
,485.1421,432.7104,0,26
,364.5406,435.2462,0,26
,580.9298,434.3535,0,26
,992.1971,436.1509,6,26
,866.6028,438.0611,0,26
,820.812,439.6601,0,26
,515.9958,435.4177,0,26
,720.3659,441.8606,0,26
,754.9219,441.5125,0,26
,1192.904,441.8718,0,26
,919.531,446.2126,0,26
,640.3032,447.1092,0,26
,2029.424,445.4778,0,26
,891.6042,459.7447,0,26
,1287.601,454.0252,0,26
,1231.371,454.7533,0,26
,798.7609,459.3094,0,26
,435.8,461.4989,0,26
,857.2469,462.8901,0,26
,1178.353,463.7248,0,26
,1275.901,463.8843,0,26
,698.786,464.2822,0,26
,1303.68,462.9485,0,26
,1445.256,465.6667,1,26
,496.2954,470.0802,0,26
,512.6901,470.263,0,26
,625.9231,469.8935,0,26
,650.049,468.9552,0,26
,671.6168,472.3084,0,26
,832.7777,470.8933,0,26
,534.3043,473.9348,0,26
,923.7899,473.5826,0,26
,1660.836,473.2705,5,26
,571.0059,478.9763,0,26
,756.4902,487.2073,0,26
,812.8628,489.6654,0,26
,603.8366,489.0175,0,26
,501.3546,490.468,0,26
,539.5385,491.7057,0,26
,520.3039,494.6373,0,26
,857.3504,491.7283,0,26
,903.4159,494.3805,0,26
,1281.033,498.5373,0,26
,781.4009,498.9942,0,26
,460.9361,500.3555,0,26
,560.0378,500.0353,0,26
,1032.107,500.3373,6,26
,1080.904,500.2324,6,26
,1383.958,499.8807,1,26
,926.4371,504.0192,0,26
,1296.805,504.8879,0,26
,1340.212,505.2852,0,26
,640.9441,516.7126,0,26
,877.5589,497.737,0,26
,542.5406,513.5819,0,26
,2012.042,513.0845,1,26
,1701.583,513.4917,5,26
,1016.96,512.162,6,26
,1595.052,517.3142,5,26
,479.828,518.38,0,26
,711.7371,524.0668,0,26
,791.9393,524.5099,0,26
,907.5749,522.7789,0,26
,1072.512,525.5876,6,26
,1970.085,526.2394,1,26
,845.6445,527.0792,0,26
,411.8154,528.0231,1,26
,822.4904,534.8827,0,26
,563.1148,531.541,0,26
,977.4394,525.7491,0,26
,1577.053,530.7525,5,26
,2037.621,531.8182,1,26
,874.7778,538.7906,0,26
,1047.451,533.4232,6,26
,1517.397,533.1333,5,26
,1306.316,533.6365,0,26
,2008.824,535.1531,1,26
,553.2772,534.875,0,26
,1736.54,536.6702,5,26
,1647.865,536.2051,5,26
,1694.748,538.6339,5,26
,435.1676,541.3297,1,26
,1437.769,542.0058,5,26
,1346.185,540.9167,1,26
,669.1622,544.2613,0,26
,1372.781,543.2573,1,26
,449.4592,545.7551,1,26
,1390.267,545.6135,1,26
,993.841,545.8834,0,26
,1232.616,547.1558,0,26
,1322.609,547.7124,1,26
,2030.479,546.7357,1,26
,574.5847,552.4269,0,26
,707.0271,549.2874,0,26
,1343.097,555.7484,1,26
,933.6973,555.546,0,26
,373.0722,557.327,1,26
,468.0938,558.2519,0,26
,1293.456,557.7257,0,26
,914.2616,559.1526,0,26
,1006.808,561.4851,0,26
,755.8423,563.2714,0,26
,734.2056,566.9299,0,26
,1377.41,567.4744,1,26
,379.3191,568.9362,1,26
,1308.007,569.5423,0,26
,683.5254,569.5306,0,26
,1328.205,571.861,1,26
,1433.301,574.6315,1,26
,544.6765,574.7,0,26
,588.6429,574.3008,0,26
,492.1631,577.3972,0,26
,568.4144,579.8821,0,26
,1225.124,575.7295,0,26
,1040.736,577.334,6,26
,434.092,586.0934,0,26
,2024.995,582.5412,1,26
,403.0284,579.821,1,26
,722.3842,587.1281,0,26
,808.4202,587.4433,0,26
,1759.616,587.3503,4,26
,501.3819,592.005,0,26
,351.9522,593.6142,1,26
,392.8469,592.2347,1,26
,1252.712,595.2746,0,26
,1357.301,593.6853,1,26
,998.6489,598.9241,0,26
,1570.354,596.0531,5,26
,1327.955,597.1364,1,26
,1199.437,600.1429,0,26
,1538.379,598.7743,5,26
,975.3385,601.8646,0,26
,1230.524,601.2018,0,26
,786.884,602.0026,0,26
,488.0278,602.2564,0,26
,704.3364,605.7103,0,26
,1747.198,606.3956,4,26
,832.8947,607.5197,0,26
,939.0327,606.649,0,26
,455.6726,604.3921,0,26
,581.0835,609.3536,0,26
,1220.712,613.5951,0,26
,517.7739,611.9043,0,26
,475.716,611.2735,0,26
,724.472,615.7615,0,26
,952.7026,615.3987,0,26
,1753.875,614.9773,4,26
,358.2864,615.7889,1,26
,929.4146,619.4085,0,26
,1739.699,621.7945,5,26
,1378.325,625.5686,1,26
,1205.607,623.8676,0,26
,1228.178,627.4111,0,26
,606.1585,629.2433,0,26
,1252.127,626.682,0,26
,2037.236,628.35,1,26
,1188.515,631.6168,0,26
,902.745,631.3317,0,26
,1391.232,632.512,1,26
,507.1536,632.6771,0,26
,663.3306,646.3091,0,26
,447.4879,642.806,0,26
,1221.763,642.0513,0,26
,1322.377,641.9198,1,26
,1410.601,642.5151,1,26
,550.3056,644.0229,0,26
,1238.836,643.5586,0,26
,416.1484,646.5871,0,26
,1187.23,645.7004,0,26
,1258.757,644.7299,0,26
,1383.513,644.8696,1,26
,484.1353,646.3769,0,26
,721.8536,646.8776,0,26
,527.0918,650.2704,0,26
,2003.963,649.963,1,26
,503.7895,650.5356,0,26
,1034.496,667.7083,0,26
,1723.254,655.5702,5,26
,1876.992,654.4631,1,26
,1245.369,655.5595,0,26
,1343.533,656.6317,1,26
,1381.086,656.2141,1,26
,1607.378,657.1529,5,26
,2041.631,656.0952,1,26
,901.3462,657.1154,0,26
,947.9303,657.9353,0,26
,1801.921,664.3532,1,26
,1205.006,654.8773,0,26
,923.5923,663.2741,0,26
,1360.497,660.6382,1,26
,975.8625,659.1198,0,26
,1177.119,662.1204,0,26
,617.8057,662.5595,0,26
,1224.261,663.8383,0,26
,1369.076,666.7273,1,26
,1990.345,666.0054,1,26
,2037.6,666.8182,1,26
,1973.721,664.7584,1,26
,1349.733,671.5381,1,26
,2025.847,672.6789,1,26
,559.8924,676.3881,0,26
,579.3128,681.0387,0,26
,1098.3,673.5669,0,26
,955.876,685.514,0,26
,698.7544,685.3584,0,26
,880.9756,686.6829,0,26
,1320.273,685.4848,1,26
,1056.227,686.8895,0,26
,1815.529,686.4711,1,26
,865.2164,689.0175,0,26
,1068.68,684.2251,0,26
,593.2358,690.0094,0,26
,1907.327,690.9571,1,26
,645.9582,691.2213,0,26
,994.9709,692.3677,0,26
,1182.765,691.8571,0,26
,1281.265,692.5405,0,26
,675.8196,692.0361,0,26
,905.9024,701.3422,0,26
,1327.61,693.9451,1,26
,1313.222,694.9111,1,26
,813.9947,701.7926,0,26
,849.1111,699.0133,0,26
,1206.852,700.2625,0,26
,1233.549,700.6488,0,26
,1045.273,704.7343,0,26
,728.5167,705.9167,0,26
,1058.585,706.9368,0,26
,1822.907,706.7471,1,26
,970.8562,709.7303,0,26
,1908.82,709.8505,1,26
,1879.328,708.9416,1,26
,1032.757,710.5905,0,26
,1755.033,714.6234,1,26
,703.4318,719.4439,0,26
,749.6732,719.9961,0,26
,1802.431,720.0318,1,26
,915.1231,721.3077,0,26
,1019.802,721.5275,6,26
,802.4082,721.7143,0,26
,1364.54,722.1534,1,26
,1280.514,723.8684,1,26
,1377.825,725.2183,1,26
,1784.455,727.1362,1,26
,892.3112,730.9959,0,26
,1216.228,729.9815,0,26
,1392.758,731.5523,1,26
,826.902,733.2222,0,26
,1096.3,733.76,0,26
,1001.982,722.7792,0,26
,1721.195,733.784,1,26
,545.1264,734.6006,0,26
,928.8387,734.6129,0,26
,1189.681,735.2153,0,26
,795.831,739.2321,0,26
,1145.48,734.5285,0,26
,524.7273,737.33,0,26
,1229.71,739.7461,0,26
,946.0226,738.0602,0,26
,110.9497,740.7207,5,26
,755.25,741.1364,0,26
,1834.96,740.2522,1,26
,1037.798,743.4597,0,26
,570.3395,745.6035,0,26
,1267.256,743.6628,1,26
,991.9457,744.6951,0,26
,1776.152,745.7826,1,26
,1128.221,745.1569,1,26
,766.9325,747.681,0,26
,909.9042,747.567,0,26
,962.3803,747.6053,0,26
,1252.399,746.9393,1,26
,862.8981,748.767,0,26
,1100.17,747.8819,0,26
,661.5416,751.6175,0,26
,1791.027,750.9146,1,26
,707.65,750.3,0,26
,687.8717,753.6189,0,26
,1490.649,752.1402,5,26
,1156.955,752.625,1,26
,352.5,753.8923,0,26
,1030.763,753.3453,0,26
,622.0202,754.4646,0,26
,1769.458,758.0365,1,26
,1117.252,760.2233,1,26
,899.3248,762.8248,0,26
,1263.816,763.4184,1,26
,1062.55,765.0314,0,26
,1097.13,764.3043,0,26
,1438.749,765.0,5,26
,857.3051,766.7267,0,26
,989.8801,764.6806,6,26
,815.7905,765.5112,0,26
,876.7782,766.9377,0,26
,1576.852,769.2008,5,26
,1807.612,769.8215,1,26
,417.9505,769.527,0,26
,945.8635,771.0028,0,26
,1153.179,771.3895,1,26
,1748.838,769.1088,1,26
,619.08,772.0496,0,26
,430.213,775.2593,0,26
,686.8885,775.331,0,26
,339.8633,778.3086,0,26
,803.2406,776.1392,0,26
,1264.198,782.8463,1,26
,747.6828,785.1241,0,26
,1813.971,784.1429,0,26
,762.7398,788.5985,0,26
,1323.333,791.451,1,26
,831.9314,792.6765,0,26
,269.9661,798.2119,0,26
,398.4018,800.4624,0,26
,667.2337,797.7045,0,26
,1151.195,799.0648,1,26
,247.0035,805.4371,0,26
,721.2251,802.4299,0,26
,768.2581,800.871,0,26
,1166.336,803.804,1,26
,1132.006,803.3376,1,26
,1552.271,802.1752,5,26
,848.2427,805.1553,0,26
,1211.691,806.9974,1,26
,1735.323,804.0903,1,26
,746.2151,807.1992,0,26
,1790.736,805.5696,1,26
,818.7305,809.2482,0,26
,527.3017,811.8448,6,26
,760.4221,810.987,0,26
,641.578,812.8073,0,26
,326.4838,816.0182,0,26
,170.0108,815.8387,0,26
,431.6091,816.5273,0,26
,1857.547,814.6972,0,26
,506.4642,820.8887,0,26
,831.1806,817.7315,0,26
,811.4733,821.145,0,26
,1419.523,819.6486,1,26
,1806.558,820.7855,0,26
,455.3058,823.7975,0,26
,862.2673,825.1254,0,26
,399.4051,825.981,0,26
,306.1179,831.0389,0,26
,756.0209,828.822,0,26
,1500.587,829.4133,5,26
,916.0581,832.0233,1,26
,485.7786,833.0143,0,26
,655.7352,837.0101,0,26
,724.2464,833.8696,6,26
,1735.559,835.3065,1,26
,748.5186,837.9737,6,26
,278.9744,840.625,0,26
,823.1355,838.271,0,26
,425.1215,842.2991,0,26
,136.7732,849.1985,0,26
,400.6069,843.3895,0,26
,503.8211,843.1263,0,26
,856.4267,843.5333,0,26
,781.0733,843.5714,0,26
,1659.951,844.9306,1,26
,845.3109,842.305,0,26
,492.1018,849.8246,0,26
,829.4873,850.7259,0,26
,816.125,862.1167,0,26
,360.8088,864.5383,0,26
,658.3856,865.448,0,26
,551.6221,867.9967,0,26
,832.6732,866.989,0,26
,800.0714,868.7488,0,26
,877.6313,868.25,0,26
,389.8906,871.2812,0,26
,1874.898,873.7907,0,26
,1679.501,878.1929,1,26
,1719.124,879.0098,1,26
,130.0819,880.4831,0,26
,255.0307,881.9002,0,26
,1750.457,882.3184,1,26
,1959.975,882.8268,2,26
,736.7115,885.9115,6,26
,1696.646,883.6875,1,26
,347.3405,887.9216,0,26
,769.0963,887.8333,0,26
,874.9054,889.7027,5,26
,440.2541,890.3976,0,26
,1894.964,892.1987,2,26
,1931.189,909.1975,2,26
,1985.177,901.5806,2,26
,515.8825,903.0089,0,26
,249.4377,904.5825,0,26
,844.0303,906.0606,5,26
,2019.034,906.662,2,26
,2039.08,903.9635,2,26
,1886.415,907.4472,2,26
,1957.479,906.8318,0,26
,1212.176,909.0588,1,26
,745.7447,909.5447,6,26
,761.2634,912.3951,6,26
,108.812,912.3846,0,26
,267.3008,913.1924,0,26
,1012.909,913.3523,5,26
,1788.534,919.1527,1,26
,501.1485,921.0212,0,26
,116.5035,923.8868,0,26
,816.6274,923.6975,5,26
,254.7285,924.5339,0,26
,744.5166,928.3112,6,26
,1327.535,922.8111,1,26
,1694.242,925.4645,1,26
,790.9394,925.6136,6,26
,1976.492,924.8758,0,26
,1219.085,927.1341,1,26
,1337.852,927.1408,1,26
,1949.539,933.2355,0,26
,1281.23,936.1757,1,26
,1993.064,934.5853,0,26
,265.2866,936.9065,0,26
,133.2959,937.2367,0,26
,194.4,937.0947,0,26
,628.3418,938.7994,0,26
,1224.091,939.4895,1,26
,1734.025,938.9747,1,26
,1909.408,940.6499,0,26
,210.9169,939.6932,2,26
,1188.468,940.9891,1,26
,2017.639,944.7817,0,26
,689.6292,947.0674,6,26
,1228.003,951.5482,1,26
,633.1068,952.0485,0,26
,1976.574,953.1683,0,26
,643.274,953.8493,0,26
,238.2214,954.711,0,26
,268.8231,955.2115,0,26
,1167.75,963.9661,1,26
,1248.612,966.6517,1,26
,1946.276,971.482,0,26
,165.5422,972.4578,0,26
,1985.905,983.3009,0,26
,1280.885,977.2861,1,26
,330.0108,976.6486,0,26
,1739.653,977.4898,1,26
,157.5942,979.5169,0,26
,300.625,982.1635,0,26
,498.6424,984.2278,0,26
,985.6578,980.83,5,26
,1775.633,983.8884,1,26
,1760.631,987.8691,1,26
,411.2547,988.9953,0,26
,1104.753,990.8379,0,26
,1425.674,991.079,0,26
,1186.973,998.2416,0,26
,430.5512,1001.99,0,26
,2042.244,1003.467,1,26
,1957.56,1005.709,1,26
,1091.056,1006.468,0,26
,1074.208,1010.66,0,26
,127.6599,1012.822,0,26
,494.861,1010.655,0,26
,1468.268,1012.866,0,26
,1990.243,1013.878,1,26
,475.0553,1017.739,0,26
,1190.842,1018.965,0,26
,290.2391,1025.13,0,26
,1095.409,1024.724,0,26
,1202.063,1026.701,6,26
,118.2946,1025.257,0,26
,1059.89,1025.96,0,26
,1842.087,1028.109,1,26
,151.3161,1028.219,0,26
,1964.462,1032.231,1,26
,1011.256,1033.4,1,26
,354.8019,1033.774,0,26
,1820.376,1033.631,1,26
,1357.416,1037.278,0,26
,438.846,1029.488,0,26
,548.5837,1037.244,1,26
,999.4265,1037.544,5,26
,329.6321,1037.652,0,26
,1076.95,1038.123,0,26
,2035.004,1037.842,1,26
,123.7625,1039.498,0,26
,282.7041,1038.757,0,26
,1029.168,1039.052,0,26
,160.1977,1041.581,0,26
,183.9167,1042.106,0,26
,1017.328,1042.353,4,26
,1045.208,1043.624,0,26
,1103.197,1048.613,0,26
,1312.411,1049.893,6,26
,147.301,1049.209,0,26
,265.864,1052.272,0,26
,312.4742,1052.122,0,26
,1242.921,1052.39,6,26
,1843.732,1052.902,1,26
,328.8386,1057.982,0,26
,199.8046,1058.69,0,26
,1078.938,1059.79,0,26
,2015.385,1061.513,1,26
,1464.228,1065.456,0,26
,1037.11,1065.646,0,26
,311.4452,1066.774,0,26
,191.8761,1069.894,0,26
,390.4402,1068.208,0,26
,463.7591,1070.543,0,26
,422.2429,1072.05,0,26
,1018.38,1071.825,0,26
,999.9697,1074.127,0,26
,250.4771,1078.713,0,26
,173.1294,1083.799,0,26
,2023.165,1082.467,1,26
,1139.799,1091.63,3,26
,217.6465,1087.016,0,26
,1539.429,1088.673,3,26
,1040.474,1089.791,0,26
,1503.309,1090.895,3,26
,2037.385,1092.11,1,26
,155.975,1096.456,0,26
,290.4817,1098.322,0,26
,1163.978,1098.006,3,26
,987.2845,1099.482,0,26
,1361.409,1103.77,0,26
,216.5767,1110.098,0,26
,187.8754,1111.273,0,26
,976.86,1118.987,0,26
,157.705,1120.762,0,26
,237.407,1120.481,0,26
,999.0971,1122.874,0,26
,119.6151,1125.495,0,26
,345.7576,1123.848,0,26
,251.2104,1128.942,0,26
,1487.81,1134.666,3,26
,997.3429,1136.04,0,26
,338.3371,1136.089,0,26
,1047.92,1136.703,0,26
,204.2237,1141.158,0,26
,1146.726,1141.326,3,26
,471.8836,1142.259,5,26
,160.3789,1143.739,0,26
,437.1484,1147.053,0,26
,485.2943,1149.8,5,26
,358.599,1152.916,0,26
,1469.532,1154.277,3,26
,1030.015,1160.267,0,26
,465.7771,1163.304,5,26
,1071.441,1157.036,3,26
,1124.875,1159.049,3,26
,421.0368,1166.54,0,26
,136.819,1169.741,0,26
,307.7076,1170.716,0,26
,1084.531,1171.604,3,26
,337.3946,1171.992,0,26
,1060.194,1173.961,3,26
,1015.32,1175.739,0,26
,449.9939,1179.082,0,26
,1126.287,1179.084,3,26
,1049.911,1181.321,0,26
,394.1719,1183.69,0,26
,209.2857,1185.4,0,26
,1080.428,1187.751,3,26
,1033.714,1187.317,0,26
,180.7893,1187.075,0,26
,1149.099,1191.914,3,26
,146.448,1190.986,0,26
,999.5654,1191.684,0,26
,102.8523,1197.228,0,26
,222.8754,1196.924,0,26
,336.6901,1196.079,0,26
,1063.322,1195.844,0,26
,1584.138,1199.27,3,26
,81.92857,1203.071,0,26
,1533.304,1205.192,3,26
,383.881,1205.598,0,26
,302.5869,1207.662,0,26
,1266.318,1208.638,3,26
,262.1818,1209.41,0,26
,1242.419,1209.399,3,26
,164.2963,1211.579,0,26
,1139.873,1211.639,3,26
,1019.575,1214.864,6,26
,93.2514,1215.363,0,26
,1576.57,1219.214,3,26
,1081.229,1220.935,0,26
,1297.969,1220.413,3,26
,326.525,1222.561,0,26
,155.3125,1225.51,0,26
,280.6942,1228.46,0,26
,1657.588,1226.496,1,26
,1044.709,1226.678,6,26
,1170.545,1230.624,3,26
,1516.786,1229.447,3,26
,1540.725,1233.242,3,26
,139.9701,1235.03,0,26
,1150.122,1236.91,3,26
,1212.787,1242.383,3,26
,1285.651,1248.251,3,26
,1161.918,1249.78,3,26
,1653.435,1250.819,1,26
,1238.049,1253.392,3,26
,1534.375,1252.87,3,26
,1556.316,1256.754,3,26
,1678.457,1262.114,1,26
,230.9978,1276.148,0,26
,243.5202,1264.823,0,26
,85.72973,1268.459,0,26
,1107.734,1269.126,0,26
,1575.687,1268.364,0,26
,1013.221,1267.151,4,26
,1301.112,1268.688,3,26
,1262.26,1271.63,3,26
,1173.534,1272.993,3,26
,1147.291,1276.42,3,26
,260.8265,1278.293,0,26
,1086.764,1281.055,0,26
,341.3985,1282.711,5,26
,997.6326,1283.815,4,26
,353.1371,1284.343,5,26
,1344.496,1289.272,3,26
,1574.826,1286.791,0,26
,1591.955,1288.258,6,26
,1194.487,1288.852,3,26
,1539.045,1290.517,3,26
,1723.861,1291.253,1,26
,1695.759,1293.938,1,26
,1384.113,1300.268,3,26
,1574.616,1303.521,6,26
,1308.417,1302.755,3,26
,1596.965,1303.926,6,26
,279.6198,1305.125,0,26
,321.4639,1304.498,5,26
,1361.467,1306.342,3,26
,1128.642,1315.27,0,26
,1078.756,1316.386,0,26
,1194.574,1320.76,3,26
,1324.723,1326.287,3,26
,1568.622,1328.18,6,26
,1694.967,1325.257,6,26
,1217.856,1328.736,3,26
,1306.994,1330.181,3,26
,1188.219,1331.93,0,26
,173.0854,1334.907,0,26
,245.1791,1338.137,0,26
,230.5021,1334.374,0,26
,1372.603,1334.875,3,26
,1265.308,1338.951,3,26
,128.0714,1345.61,5,26
,1341.625,1348.377,3,26
,1643.924,1352.941,6,26
,1278.373,1363.658,3,26
,201.5703,1353.837,5,26
,1409.135,1355.627,0,26
,1174.565,1365.788,0,26
,1808.803,1359.961,1,26
,1209.71,1360.242,3,26
,190.2519,1364.037,5,26
,1087.64,1365.516,0,26
,1373.291,1367.554,3,26
,277.5893,1370.179,5,26
,1141.574,1371.681,0,26
,1026.569,1374.448,1,26
,1442.54,1375.547,0,26
,1012.919,1376.932,1,26
,1635.697,1377.145,6,26
,1564.244,1378.941,6,26
,1792.703,1377.917,1,26
,1302.089,1383.307,3,26
,1406.518,1383.589,0,26
,1774.414,1390.902,6,26
,1003.104,1386.987,5,26
,1545.018,1387.439,2,26
,1443.283,1388.141,0,26
,1558.596,1387.5,2,26
,1186.627,1391.916,3,26
,1569.398,1391.668,6,26
,1654.141,1392.129,6,26
,1050.028,1395.413,0,26
,1597.007,1400.479,6,26
,1763.48,1403.371,6,26
,1435.855,1402.23,0,26
,1574.705,1404.048,6,26
,1845.281,1404.549,0,26
,1194.64,1406.379,3,26
,1589.857,1408.6,6,26
,1613.213,1409.393,6,26
,1783.817,1412.375,0,26
,1459.893,1414.949,0,26
,1602.78,1417.28,6,26
,1684.566,1421.628,6,26
,1771.801,1421.908,0,26
,984.7218,1423.887,5,26
,1208.746,1426.755,3,26
,1329.248,1432.612,3,26
,1707.418,1431.624,6,26
,972.9508,1436.23,5,26
,1774.485,1439.391,0,26
,1823.835,1436.953,0,26
,1426.638,1438.495,0,26
,1476.423,1437.753,2,26
,1635.543,1436.582,6,26
,1803.371,1439.303,0,26
,1397.651,1440.746,0,26
,1462.098,1441.475,0,26
,1651.263,1441.18,6,26
,1673.954,1439.446,6,26
,1497.489,1441.722,2,26
,1690.987,1441.084,6,26
,1183.88,1443.64,3,26
,1442.772,1450.668,0,26
,1821.897,1447.741,0,26
,1321.188,1460.221,3,26
,1463.009,1459.042,0,26
,1482.168,1464.818,2,26
,1639.074,1461.139,0,26
,1784.033,1462.424,0,26
,1306.211,1463.556,3,26
,1357.736,1461.437,0,26
,1286.033,1463.197,3,26
,1374.742,1462.459,0,26
,1344.312,1470.035,3,26
,1619.637,1470.601,0,26
,972.7729,1473.929,1,26
,1397.767,1472.572,0,26
,1712.573,1469.766,0,26
,1246.359,1472.978,3,26
,1828.193,1473.106,0,26
,421.6632,1484.516,5,26
,1776.692,1479.024,0,26
,1853.931,1479.333,0,26
,1034.792,1479.352,0,26
,1429.477,1480.048,0,26
,1579.745,1481.284,0,26
,318.4343,1480.569,5,26
,1323.704,1487.923,3,26
,1809.475,1481.942,0,26
,393.6995,1482.607,5,26
,1116.905,1485.201,0,26
,1657.491,1486.667,0,26
,1798.946,1486.624,0,26
,1295.171,1487.593,3,26
,989.8198,1487.672,1,26
,1233.456,1488.566,3,26
,1688.686,1488.73,0,26
,263.9935,1492.429,5,26
,1571.446,1485.865,2,26
,1788.222,1487.924,0,26
,1463.89,1493.259,0,26
,1849.913,1494.464,0,26
,1071.564,1495.813,0,26
,1817.165,1496.447,0,26
,1404.234,1497.7,0,26
,342.4373,1499.435,0,26
,1615.588,1499.302,0,26
,371.0277,1500.241,0,26
,1554.482,1501.392,2,26
,409.8151,1503.047,1,26
,479.1453,1501.402,5,26
,1257.366,1502.03,3,26
,1591.124,1504.425,0,26
,1804.49,1501.917,0,26
,291.172,1501.613,1,26
,1298.34,1502.875,3,26
,1846.173,1503.877,0,26
,1045.57,1504.205,0,26
,1370.996,1497.092,0,26
,1088.787,1507.468,0,26
,1857.365,1508.201,0,26
,1828.596,1511.906,0,26
,915.8228,1513.759,5,26
,1503.937,1515.402,0,26
,955.3925,1515.607,1,26
,1644.418,1516.535,3,26
,1848.067,1515.607,0,26
,1719.245,1518.691,0,26
,495.6437,1517.356,5,26
,177.618,1520.319,5,26
,1420.881,1530.408,0,26
,1042.975,1520.39,0,26
,1222.042,1519.532,3,26
,1821.902,1522.893,0,26
,1695.677,1523.459,0,26
,1859.642,1522.927,1,26
,139.0807,1526.421,5,26
,152.2275,1526.969,5,26
,508.4176,1526.253,0,26
,189.2284,1528.698,1,26
,895.7206,1529.397,5,26
,1325.164,1525.149,6,26
,1478.792,1526.783,0,26
,1288.943,1531.362,3,26
,1585.129,1530.035,3,26
,1832.293,1532.318,0,26
,1855.951,1532.363,1,26
,941.6596,1534.074,1,26
,1383.983,1534.406,0,26
,93.80305,1536.129,1,26
,1254.894,1534.984,3,26
,1816.754,1535.474,0,26
,70.60256,1538.237,1,26
,1042.412,1537.505,0,26
,1543.847,1535.865,0,26
,1526.465,1539.252,0,26
,1318.23,1538.725,6,26
,1676.392,1531.663,0,26
,1510.95,1541.18,0,26
,1710.158,1541.719,0,26
,549.5008,1542.255,0,26
,1446.486,1543.055,0,26
,1768.202,1544.24,0,26
,787.034,1546.336,5,26
,1606.393,1544.962,3,26
,1891.604,1546.46,1,26
,926.1225,1547.487,1,26
,1466.711,1548.989,0,26
,1875.505,1548.748,1,26
,1828.67,1557.694,0,26
,1439.656,1558.611,0,26
,1637.824,1562.905,3,26
,1887.22,1557.551,1,26
,171.6793,1560.022,0,26
,562.1977,1560.437,0,26
,742.2045,1561.635,0,26
,1085.088,1554.673,0,26
,1308.894,1562.367,0,26
,1849.205,1564.069,1,26
,874.9868,1562.605,1,26
,1338.135,1561.622,0,26
,1358.592,1563.436,0,26
,1576.933,1562.679,0,26
,1045.151,1562.82,0,26
,637.2383,1570.427,0,26
,1478.389,1572.711,0,26
,653.7,1566.1,0,26
,1277.473,1565.705,3,26
,89.15589,1564.471,0,26
,887.4741,1568.833,1,26
,720.7341,1569.188,0,26
,573.6701,1571.804,0,26
,1535.105,1570.825,0,26
,614.5305,1576.475,0,26
,1437.226,1574.204,0,26
,1668.222,1577.682,0,26
,828.8794,1576.343,0,26
,1878.321,1576.542,1,26
,1364.473,1581.02,0,26
,1388.474,1577.161,0,26
,767.8105,1579.269,0,26
,1559.688,1582.363,0,26
,425.2058,1581.976,0,26
,1196.32,1581.023,3,26
,629.0923,1583.631,0,26
,1494.348,1584.317,0,26
,109.5132,1586.947,0,26
,882.3603,1587.629,0,26
,1463.21,1592.155,0,26
,1885.642,1587.188,1,26
,668.7204,1588.962,0,26
,1178.261,1587.371,3,26
,806.712,1590.75,0,26
,712.5333,1591.5,0,26
,789.492,1591.917,0,26
,1138.163,1592.629,3,26
,1311.433,1593.517,0,26
,649.9158,1596.213,0,26
,1279.392,1596.972,3,26
,1371.905,1598.03,0,26
,1554.642,1598.055,0,26
,628.4241,1599.158,0,26
,1787.73,1599.1,0,26
,1196.9,1603.972,3,26
,1348.379,1599.556,0,26
,173.7393,1606.376,0,26
,268.2935,1603.523,0,26
,723.2668,1600.559,0,26
,1247.326,1601.375,3,26
,1600.244,1603.754,0,26
,659.8676,1605.287,0,26
,704.1264,1605.744,0,26
,868.4573,1607.131,0,26
,394.9244,1607.444,0,26
,1673.176,1608.158,0,26
,1490.626,1606.97,0,26
,1513.025,1604.873,0,26
,139.9248,1611.122,0,26
,1412.852,1608.169,0,26
,300.5526,1611.891,0,26
,1868.114,1614.045,1,26
,1053.735,1610.302,0,26
,567.6102,1613.644,0,26
,1636.747,1614.227,0,26
,1302.82,1617.73,3,26
,1224.844,1617.691,3,26
,922.6243,1620.033,0,26
,1448.118,1618.491,0,26
,962.1652,1623.338,0,26
,1158.068,1621.954,3,26
,1565.756,1618.304,0,26
,680.9196,1619.981,0,26
,1326.31,1626.243,0,26
,254.8619,1625.454,0,26
,1524.004,1627.498,0,26
,945.9498,1627.991,0,26
,1293.276,1628.693,0,26
,1792.386,1626.414,0,26
,210.7058,1628.408,0,26
,1597.629,1628.456,0,26
,875.333,1627.893,0,26
,280.485,1633.024,0,26
,913.2421,1633.484,0,26
,1376.654,1634.966,0,26
,1483.392,1637.402,0,26
,429.4188,1634.913,0,26
,1857.217,1635.858,0,26
,370.0745,1638.693,0,26
,1176.518,1643.438,3,26
,1633.885,1644.563,0,26
,1231.953,1642.178,3,26
,838.1062,1639.151,0,26
,1398.8,1642.919,0,26
,1837.355,1642.416,0,26
,152.5517,1643.287,0,26
,897.499,1647.713,0,26
,1358.004,1645.523,0,26
,699.8558,1643.353,0,26
,961.5512,1650.234,0,26
,1881.238,1650.415,1,26
,549.795,1652.494,0,26
,645.8931,1651.895,0,26
,797.9575,1647.914,0,26
,1315.495,1652.122,0,26
,772.1418,1652.08,0,26
,1285.041,1663.388,0,26
,1198.327,1652.322,3,26
,574.8127,1652.345,0,26
,459.9539,1658.425,0,26
,1617.608,1657.696,0,26
,423.2495,1657.286,0,26
,1247.56,1657.325,3,26
,1784.09,1657.114,0,26
,1586.069,1651.355,0,26
,1719.109,1658.0,0,26
,516.9407,1668.759,0,26
,599.8778,1659.29,0,26
,1222.085,1661.437,3,26
,665.6784,1662.327,0,26
,361.5269,1660.145,0,26
,1626.907,1671.537,0,26
,1097.91,1665.18,0,26
,1875.753,1665.419,1,26
,215.2936,1665.806,0,26
,902.5714,1669.583,0,26
,1596.308,1668.85,0,26
,1339.328,1672.312,0,26
,1386.628,1669.657,0,26
,1897.191,1670.054,1,26
,821.4909,1676.564,0,26
,1427.179,1672.949,0,26
,1558.522,1672.489,0,26
,922.454,1672.121,0,26
,536.748,1670.303,0,26
,1609.037,1672.431,0,26
,317.4243,1674.949,0,26
,1459.721,1668.783,0,26
,843.8086,1675.019,0,26
,875.1856,1674.568,0,26
,1308.401,1676.061,0,26
,1641.071,1676.862,0,26
,1710.263,1677.45,0,26
,1758.551,1678.971,0,26
,1919.822,1677.93,1,26
,429.1181,1679.216,0,26
,1512.712,1679.627,0,26
,1538.912,1680.585,0,26
,687.7032,1683.368,0,26
,1367.143,1684.034,0,26
,1137.845,1684.271,0,26
,1410.453,1685.144,0,26
,556.0199,1683.603,0,26
,274.3585,1686.939,0,26
,1886.128,1687.395,1,26
,500.2107,1687.925,0,26
,453.8284,1689.977,0,26
,883.191,1690.117,0,26
,946.6674,1689.687,0,26
,1249.02,1691.206,3,26
,623.6326,1692.94,0,26
,299.7925,1694.183,0,26
,372.8529,1698.081,0,26
,750.4609,1694.719,0,26
,1273.278,1695.111,0,26
,490.7081,1697.093,0,26
,583.319,1697.086,0,26
,1683.944,1696.5,0,26
,1432.04,1697.763,0,26
,1669.144,1698.042,0,26
,1215.332,1697.514,3,26
,796.6152,1702.071,0,26
,911.7332,1702.529,0,26
,1068.781,1696.516,0,26
,1550.282,1699.585,0,26
,130.7667,1702.122,0,26
,1132.902,1702.319,0,26
,1418.565,1701.503,0,26
,1609.712,1701.812,0,26
,1961.521,1701.944,1,26
,226.0438,1703.571,0,26
,672.074,1700.797,0,26
,1006.453,1702.556,0,26
,1304.896,1703.192,0,26
,475.1787,1705.349,0,26
,1473.474,1705.802,0,26
,170.3414,1711.824,0,26
,1873.786,1705.455,0,26
,1398.215,1707.97,0,26
,950.385,1711.539,0,26
,108.9407,1711.277,0,26
,863.8216,1710.253,0,26
,536.7324,1713.25,0,26
,828.2082,1710.751,0,26
,457.9128,1712.4,0,26
,1536.975,1712.603,0,26
,1331.168,1714.637,0,26
,1624.116,1715.073,0,26
,247.5675,1720.602,0,26
,397.4426,1719.707,0,26
,892.7399,1716.183,0,26
,1664.692,1717.731,0,26
,202.8476,1719.52,0,26
,1056.585,1719.565,0,26
,577.138,1719.957,0,26
,1885.618,1719.95,1,26
,444.4452,1718.699,0,26
,786.3884,1720.496,0,26
,734.7187,1723.914,0,26
,986.5429,1722.624,0,26
,1637.098,1720.662,0,26
,511.2908,1718.492,0,26
,656.8671,1725.822,0,26
,1179.854,1725.042,0,26
,1906.729,1721.024,1,26
,499.296,1726.04,0,26
,1105.309,1724.811,0,26
,1578.0,1726.104,0,26
,1211.515,1731.425,0,26
,1275.899,1730.981,0,26
,613.4267,1725.081,0,26
,963.7633,1731.568,0,26
,1292.101,1729.701,0,26
,1378.327,1737.454,0,26
,1750.096,1735.072,0,26
,1139.384,1737.738,0,26
,147.3234,1736.949,0,26
,1540.752,1738.614,0,26
,1878.601,1739.636,0,26
,102.31,1739.88,0,26
,660.563,1740.819,0,26
,856.4681,1740.349,0,26
,327.3617,1717.583,0,26
,1434.489,1740.601,0,26
,1597.169,1740.988,0,26
,222.8822,1742.207,0,26
,971.6897,1741.874,0,26
,1259.452,1743.16,0,26
,1165.952,1743.851,0,26
,683.6816,1745.555,0,26
,1117.295,1747.01,0,26
,1483.29,1746.047,0,26
,1610.396,1745.569,0,26
,523.5709,1748.067,0,26
,910.3351,1747.651,0,26
,1699.452,1747.452,0,26
,178.9421,1749.212,0,26
,805.1764,1745.712,0,26
,1036.293,1746.387,0,26
,1406.238,1749.524,0,26
,389.3658,1755.524,0,26
,721.1304,1755.548,0,26
,993.2721,1751.02,0,26
,1518.152,1754.273,0,26
,584.5842,1759.098,0,26
,778.8992,1749.599,0,26
,952.7513,1752.934,0,26
,1236.366,1756.099,0,26
,1317.113,1768.269,0,26
,81.8951,1757.231,0,26
,744.2915,1758.834,0,26
,1536.979,1756.542,0,26
,1348.872,1760.956,0,26
,222.0,1761.234,0,26
,1150.736,1760.991,0,26
,108.0719,1763.337,0,26
,894.8169,1760.912,0,26
,1429.914,1761.582,0,26
,1207.431,1764.228,0,26
,1939.859,1760.966,1,26
,1504.22,1764.991,0,26
,359.5359,1770.333,0,26
,663.1023,1768.314,0,26
,1687.414,1767.477,0,26
,696.5557,1768.643,0,26
,1291.712,1769.64,0,26
,415.3784,1773.461,0,26
,553.1113,1771.141,0,26
,1114.967,1771.167,0,26
,1265.199,1770.935,0,26
,205.1938,1773.129,0,26
,622.5299,1774.863,0,26
,178.324,1777.569,0,26
,1797.396,1776.099,0,26
,845.2625,1775.958,0,26
,1003.389,1776.706,0,26
,1490.761,1776.746,0,26
,1838.004,1777.567,0,26
,982.8761,1777.665,0,26
,944.3324,1782.681,0,26
,601.2632,1784.282,0,26
,885.7801,1779.716,0,26
,1747.406,1780.023,0,26
,514.9086,1791.023,0,26
,133.7864,1770.458,0,26
,1451.906,1785.216,0,26
,1188.649,1787.333,0,26
,1513.914,1782.869,0,26
,1238.154,1785.158,0,26
,498.0235,1786.577,0,26
,535.6724,1785.853,0,26
,1394.311,1812.443,0,26
,1133.212,1785.765,0,26
,726.3106,1788.062,0,26
,1074.916,1789.604,0,26
,1982.589,1790.086,1,26
,807.773,1790.034,0,26
,965.7113,1790.647,0,26
,1702.847,1793.944,0,26
,1277.0,1793.75,0,26
,1580.583,1794.777,0,26
,1792.425,1794.063,0,26
,122.8038,1795.299,0,26
,756.2869,1788.265,0,26
,1665.433,1794.519,0,26
,1754.203,1795.288,0,26
,654.2446,1798.096,0,26
,1352.643,1799.862,0,26
,466.0301,1799.191,0,26
,936.2204,1802.022,0,26
,558.1361,1800.43,0,26
,600.5834,1811.703,0,26
,1096.986,1804.993,0,26
,836.0325,1804.604,0,26
,1620.5,1805.5,0,26
,542.8101,1806.465,0,26
,1017.463,1809.24,0,26
,896.9507,1808.372,0,26
,864.6407,1809.448,0,26
,957.1972,1808.423,0,26
,916.883,1810.953,0,26
,1261.136,1809.574,0,26
,49.27914,1812.083,0,26
,1119.355,1800.289,0,26
,1477.449,1812.992,0,26
,1510.414,1813.991,0,26
,1549.856,1810.956,0,26
,1587.416,1813.664,0,26
,373.4681,1811.666,0,26
,1227.235,1813.248,0,26
,1677.0,1812.808,0,26
,1298.883,1809.327,0,26
,1572.678,1815.675,0,26
,969.0894,1820.166,0,26
,1806.939,1819.74,0,26
,993.1478,1821.026,0,26
,1732.668,1822.048,0,26
,1651.432,1822.074,0,26
,1070.498,1817.812,0,26
,1285.084,1823.344,0,26
,516.6449,1821.911,0,26
,537.6961,1824.883,0,26
,1166.232,1823.909,0,26
,216.349,1824.133,2,26
,334.9063,1824.781,2,26
,738.5888,1826.178,0,26
,797.3521,1827.071,0,26
,1487.552,1825.537,0,26
,1532.55,1827.501,0,26
,419.4203,1812.199,0,26
,1186.858,1833.282,0,26
,1640.307,1829.65,0,26
,1706.676,1829.493,0,26
,877.8992,1836.649,0,26
,946.5363,1830.828,0,26
,1909.39,1832.665,1,26
,1931.788,1832.812,1,26
,1119.38,1832.395,0,26
,1476.225,1834.225,0,26
,33.88057,1835.068,0,26
,1151.283,1836.856,0,26
,82.58788,1829.794,0,26
,1215.708,1839.16,0,26
,1238.506,1837.362,0,26
,1450.805,1835.996,0,26
,1681.363,1839.452,0,26
,1542.402,1842.944,0,26
,1886.311,1840.142,1,26
,1285.868,1842.272,0,26
,632.991,1844.329,0,26
,1018.56,1843.698,0,26
,1047.367,1846.479,0,26
,1927.684,1846.051,1,26
,365.7791,1846.934,0,26
,555.986,1848.084,0,26
,913.8174,1849.007,0,26
,1701.611,1847.668,0,26
,490.4397,1848.989,0,26
,1483.53,1849.349,0,26
,1738.089,1848.638,0,26
,1106.58,1852.576,0,26
,1173.882,1849.888,0,26
,1266.107,1850.544,0,26
,826.6534,1854.989,0,26
,1553.881,1849.887,0,26
,1785.072,1851.495,0,26
,209.5,1854.158,0,26
,579.1036,1849.37,0,26
,1126.292,1853.861,0,26
,614.9706,1856.382,0,26
,1511.796,1856.981,0,26
,1179.932,1860.856,0,26
,1191.829,1858.301,0,26
,1410.28,1857.077,0,26
,1640.935,1858.628,0,26
,1815.264,1858.649,0,26
,123.5524,1860.225,0,26
,976.0679,1859.448,0,26
,102.589,1860.557,0,26
,1209.165,1860.593,0,26
,1708.187,1863.728,0,26
,68.58075,1862.773,0,26
,1538.542,1864.085,0,26
,350.6795,1865.526,0,26
,878.2752,1864.072,0,26
,902.6917,1868.787,0,26
,1285.702,1867.923,0,26
,88.9594,1872.605,0,26
,410.7733,1869.547,0,26
,1048.95,1869.412,0,26
,1671.468,1869.792,0,26
,533.5458,1870.552,0,26
,1387.062,1870.477,0,26
,610.0752,1870.868,0,26
,1262.726,1870.819,0,26
,1921.538,1871.484,1,26
,167.512,1868.22,0,26
,1129.341,1872.629,0,26
,1143.859,1871.394,0,26
,1425.024,1871.779,0,26
,856.9625,1872.592,0,26
,1469.347,1874.816,0,26
,836.7768,1874.083,0,26
,977.1332,1877.471,0,26
,1550.474,1876.206,6,26
,211.0741,1878.14,0,26
,766.3578,1878.44,0,26
,1077.709,1876.847,0,26
,1571.768,1877.93,0,26
,1196.645,1879.729,0,26
,1342.515,1880.87,0,26
,111.465,1880.575,0,26
,431.8802,1881.552,0,26
,1908.044,1880.643,1,26
,480.004,1876.262,0,26
,1019.345,1880.248,0,26
,305.6333,1891.776,0,26
,888.5558,1885.155,0,26
,963.9839,1884.29,0,26
,1753.518,1883.126,0,26
,1450.081,1884.451,0,26
,992.4295,1886.396,0,26
,1107.188,1887.25,0,26
,1480.309,1885.583,0,26
,1130.311,1887.332,0,26
,925.5666,1887.314,0,26
,1149.733,1890.088,0,26
,24.10741,1890.044,0,26
,396.4794,1898.526,0,26
,601.436,1889.731,0,26
,1355.505,1890.887,0,26
,1637.901,1883.538,0,26
,741.3471,1891.854,0,26
,787.9562,1890.313,0,26
,1265.656,1890.885,0,26
,1536.404,1891.483,0,26
,1622.933,1892.0,0,26
,80.52751,1892.566,0,26
,329.5872,1893.855,0,26
,688.1613,1893.656,0,26
,914.093,1897.03,0,26
,372.4386,1919.196,0,26
,1220.764,1892.244,0,26
,1525.217,1892.773,6,26
,145.218,1892.991,0,26
,1548.8,1897.108,0,26
,977.0303,1897.926,0,26
,1075.146,1899.133,0,26
,435.708,1899.62,0,26
,681.13,1901.12,0,26
,947.6459,1900.187,0,26
,1246.344,1899.781,0,26
,1670.658,1899.729,0,26
,665.716,1897.743,0,26
,814.1767,1902.679,0,26
,1401.289,1903.317,0,26
,1513.162,1902.367,6,26
,1817.422,1902.414,0,26
,1128.812,1904.568,0,26
,783.4625,1904.537,0,26
,867.284,1905.162,0,26
,1609.554,1903.472,0,26
,1483.566,1907.79,0,26
,451.7036,1906.357,0,26
,1370.304,1903.736,0,26
,1979.565,1906.986,1,26
,287.5789,1907.536,0,26
,996.1688,1908.99,0,26
,113.7862,1908.887,0,26
,1196.182,1909.763,0,26
,1241.444,1913.788,0,26
,1289.868,1908.764,0,26
,1559.18,1910.537,0,26
,45.6908,1910.452,0,26
,676.5147,1911.824,0,26
,1700.528,1911.942,0,26
,214.5531,1909.54,0,26
,416.9013,1910.837,0,26
,963.6437,1912.125,0,26
,1095.24,1911.722,0,26
,701.1228,1918.198,0,26
,910.7395,1915.768,0,26
,1499.945,1913.16,6,26
,1848.719,1913.52,0,26
,88.34615,1916.008,0,26
,734.4372,1916.343,0,26
,850.3475,1927.733,0,26
,936.6394,1918.989,0,26
,1527.912,1913.585,6,26
,1040.464,1931.956,0,26
,1728.373,1916.884,0,26
,1769.119,1920.155,0,26
,1875.738,1913.079,0,26
,668.5181,1918.012,0,26
,792.2468,1917.122,0,26
,1584.09,1918.09,0,26
,262.3527,1920.062,0,26
,588.5076,1921.008,0,26
,889.5085,1925.277,0,26
,1268.042,1920.075,0,26
,1671.532,1925.894,0,26
,235.4738,1924.079,0,26
,1657.464,1934.437,0,26
,647.9742,1928.139,0,26
,1806.058,1928.478,0,26
,981.5925,1928.705,0,26
,1536.947,1929.099,6,26
,1060.329,1932.456,0,26
,345.7955,1931.932,0,26
,1082.953,1931.92,0,26
,1792.077,1933.935,0,26
,328.0463,1933.038,0,26
,1206.056,1933.249,0,26
,831.3104,1937.007,0,26
,1682.659,1936.036,0,26
,803.5808,1938.939,0,26
,1489.56,1935.594,0,26
,445.7588,1936.576,0,26
,870.3164,1940.622,0,26
,1510.04,1938.389,0,26
,623.3017,1938.827,0,26
,1554.636,1940.843,6,26
,919.8411,1940.601,0,26
,1112.096,1940.649,0,26
,1409.435,1935.741,0,26
,760.6611,1941.465,0,26
,1610.126,1942.337,0,26
,92.94356,1945.596,0,26
,412.8527,1942.345,0,26
,901.683,1939.997,0,26
,1730.067,1943.648,0,26
,189.6643,1943.603,0,26
,688.0909,1945.705,0,26
,1360.025,1944.519,0,26
,1758.746,1947.724,0,26
,940.8951,1945.056,0,26
,1526.531,1945.756,0,26
,1242.786,1954.733,0,26
,232.6473,1951.929,0,26
,738.5888,1952.095,0,26
,1278.504,1947.901,0,26
,1161.058,1950.257,0,26
,1423.217,1953.553,0,26
,568.3116,1956.312,0,26
,1385.3,1955.356,0,26
,1510.595,1954.368,0,26
,591.1674,1959.013,0,26
,428.6833,1957.814,0,26
,1471.075,1957.388,0,26
,1575.077,1954.714,0,26
,842.4346,1957.327,0,26
,895.1742,1956.979,0,26
,964.2893,1961.535,0,26
,1456.845,1960.803,0,26
,1494.6,1960.581,0,26
,144.2722,1962.178,0,26
,784.6759,1961.606,0,26
,522.0501,1965.052,0,26
,1520.903,1963.532,0,26
,1873.968,1963.311,0,26
,288.1365,1968.882,0,26
,914.11,1964.22,0,26
,1071.016,1965.139,0,26
,1101.798,1964.903,0,26
,1480.842,1973.771,0,26
,1404.69,1968.241,0,26
,1657.638,1970.726,0,26
,405.1257,1969.784,0,26
,854.9893,1964.516,0,26
,87.58282,1969.96,0,26
,358.3315,1968.148,0,26
,685.3062,1970.01,0,26
,764.3167,1973.64,0,26
,817.0433,1969.296,0,26
,1004.032,1969.121,0,26
,1370.163,1972.025,0,26
,1543.008,1970.42,0,26
,111.9079,1972.797,0,26
,615.7622,1973.527,0,26
,1586.12,1974.021,0,26
,1763.083,1974.532,0,26
,736.1204,1975.79,0,26
,157.5788,1976.783,0,26
,476.5682,1972.99,0,26
,1220.79,1977.924,0,26
,76.55172,1976.952,0,26
,1136.397,1975.919,0,26
,1192.054,1978.046,0,26
,1259.342,1979.922,0,26
,1302.188,1988.384,0,26
,909.5636,1979.887,0,26
,927.294,1975.753,0,26
,1388.076,1981.104,0,26
,1561.216,1978.867,0,26
,1728.372,1981.823,0,26
,678.3684,1985.579,0,26
,1282.186,1982.993,0,26
,1443.111,1984.699,0,26
,1800.196,1976.961,0,26
,1879.498,1984.219,0,26
,1042.522,1979.161,0,26
,591.0027,1989.062,0,26
,1507.483,1986.733,0,26
,436.8413,1986.885,0,26
,1090.095,1988.377,0,26
,1636.422,1988.521,0,26
,654.4986,1992.546,0,26
,1822.467,1988.137,0,26
,711.039,1982.907,0,26
,559.277,1993.751,0,26
,386.107,1992.493,0,26
,512.291,1997.905,0,26
,1875.661,1997.362,0,26
,1013.781,1995.657,0,26
,1401.442,1999.405,0,26
,1465.72,1995.795,0,26
,1609.067,1996.12,0,26
,1923.262,1995.239,1,26
,847.352,1996.905,0,26
,980.5826,1998.978,0,26
,1172.826,1998.106,0,26
,1239.756,1999.682,0,26
,1484.783,2004.489,0,26
,1585.355,2000.079,0,26
,119.8813,2003.104,0,26
,338.128,2000.98,0,26
,759.9112,2000.58,0,26
,1125.966,2001.519,0,26
,155.7229,2004.466,0,26
,861.9784,2006.183,0,26
,1343.097,2007.118,0,26
,1426.874,2007.422,0,26
,921.781,2007.467,0,26
,414.8105,2008.519,0,26
,267.3767,2008.225,0,26
,1780.21,2009.286,0,26
,461.2244,2004.208,0,26
,1057.158,2009.175,0,26
,1280.813,2010.582,0,26
,1196.378,2010.646,0,26
,1515.675,2013.198,0,26
,1752.626,2012.488,0,26
,1849.824,2013.275,0,26
,1825.74,2014.231,0,26
,1144.126,2014.742,0,26
,1304.753,2014.795,0,26
,1569.87,2017.245,0,26
,796.6187,2019.261,0,26
,368.4134,2016.797,0,26
,533.7595,2021.065,0,26
,617.9325,2021.532,0,26
,819.3232,2022.103,0,26
,1214.695,2020.994,0,26
,1597.303,2021.087,0,26
,667.4194,2022.204,0,26
,1619.948,2027.366,0,26
,597.0512,2022.9,0,26
,1384.953,2013.622,0,26
,1768.539,2023.532,0,26
,165.9759,2026.713,0,26
,308.7591,2023.671,0,26
,1650.732,2023.162,0,26
,571.2705,2024.723,0,26
,1298.234,2026.492,0,26
,500.4032,2025.432,0,26
,891.4068,2027.351,0,26
,1808.988,2029.128,0,26
,1180.728,2027.01,0,26
,743.9374,2022.127,0,26
,973.1384,2030.275,0,26
,1412.033,2030.421,0,26
,1536.85,2023.609,0,26
,1042.55,2029.477,0,26
,1260.206,2029.554,0,26
,1837.325,2031.303,0,26
,1397.709,2026.607,0,26
,1479.083,2033.271,0,26
,196.2857,2032.997,0,26
,412.1745,2031.679,0,26
,1090.479,2025.062,0,26
,1126.176,2029.811,0,26
,113.2104,2034.627,0,26
,1193.392,2035.153,0,26
,48.54651,2035.14,0,26
,639.1549,2036.259,0,26
,693.2668,2037.217,0,26
,724.044,2035.552,0,26
,866.1031,2037.018,0,26
,1150.686,2036.514,0,26
,81.16165,2037.052,0,26
,920.1649,2039.465,0,26
,947.079,2038.729,0,26
,1167.186,2039.161,0,26
,1510.23,2038.214,0,26
,387.5427,2039.258,0,26
,150.0041,2040.531,0,26
,533.1843,2041.033,0,26
,1013.523,2039.78,0,26
,1299.245,2040.663,0,26
,1527.851,2039.761,0,26
,1559.872,2039.496,0,26
,1751.389,2040.5,0,26
,475.8027,2041.395,0,26
,1543.301,2042.603,0,26
,1667.489,2041.551,0,26
,1377.169,2043.353,0,26
,1223.935,6.414747,5,26
,1271.782,8.320298,5,26
,1599.322,8.274406,5,26
,234.6413,8.005435,0,26
,1155.701,8.43769,5,26
,1427.74,8.716346,5,26
,1123.986,11.85216,5,26
,1389.667,8.520721,5,26
,1005.319,11.13976,5,26
,1524.522,11.46776,5,26
,1672.251,9.934132,5,26
,1790.0,9.367647,5,26
,764.0529,13.18472,0,26
,1203.327,12.26263,5,26
,931.8498,10.96113,1,26
,1346.142,12.97185,5,26
,1471.864,13.56868,5,26
,1307.251,13.93757,5,26
,1727.834,15.07637,5,26
,841.2468,16.09381,0,26
,1099.335,16.08365,5,26
,970.7423,18.92784,1,26
,1858.503,17.71166,5,26
,1048.568,16.93629,5,26
,1648.322,21.71074,5,26
,1685.13,21.21739,5,26
,958.1083,23.93333,1,26
,1167.561,23.22926,5,26
,1402.79,26.13898,5,26
,1674.476,23.43668,5,26
,1602.544,24.66284,5,26
,1141.54,25.78102,5,26
,1268.729,24.09032,5,26
,1186.991,26.35443,5,26
,1286.75,26.65385,5,26
,1554.282,27.2,5,26
,875.9258,27.49872,1,26
,1789.326,27.97872,5,26
,1831.492,27.05181,5,26
,1427.665,28.81784,5,26
,1061.542,30.86111,5,26
,1307.322,32.98889,5,26
,1504.307,32.1789,5,26
,900.8448,31.60345,1,26
,1015.098,33.86614,5,26
,1591.927,35.42938,5,26
,916.1104,36.03896,1,26
,1027.083,36.08276,5,26
,1072.929,35.86538,5,26
,1568.211,35.37113,5,26
,1274.906,36.52427,5,26
,1294.684,37.23932,5,26
,967.2849,38.85755,1,26
,1855.694,38.26446,5,26
,1121.24,39.59333,5,26
,1260.06,40.16583,5,26
,1616.708,38.21967,5,26
,1248.607,42.72803,5,26
,1330.993,42.31126,5,26
,1580.029,41.22133,5,26
,2041.638,42.80851,5,26
,886.7005,46.76087,1,26
,1306.597,45.12687,5,26
,1417.192,45.11616,5,26
,1206.518,48.22051,5,26
,1455.088,47.16145,5,26
,1691.152,45.55862,5,26
,1888.998,47.68251,5,26
,900.0222,48.81111,1,26
,1154.684,47.40684,5,26
,1077.091,48.4026,5,26
,1740.536,47.49697,5,26
,870.2073,47.98163,1,26
,1176.652,49.19186,5,26
,1270.281,51.42963,5,26
,1342.32,49.01105,5,26
,1021.799,51.47987,5,26
,1392.321,51.91422,5,26
,1006.556,51.74439,5,26
,1089.735,52.12284,5,26
,1381.651,53.67442,5,26
,1632.216,54.02941,5,26
,1129.84,55.65258,5,26
,1222.984,54.72632,5,26
,978.4724,57.1005,5,26
,1483.024,57.38462,5,26
,1326.628,59.44554,5,26
,913.2414,59.20115,1,26
,1241.848,60.34261,5,26
,1564.635,59.73649,5,26
,1046.119,61.27313,5,26
,1724.816,60.01302,5,26
,1670.077,62.68681,5,26
,1933.848,63.06687,5,26
,1949.643,62.14159,5,26
,990.6825,63.63492,5,26
,1280.457,63.87854,5,26
,1404.038,64.33475,5,26
,1416.32,64.664,5,26
,877.0415,66.20207,0,26
,1370.992,67.37549,5,26
,477.43,68.63636,0,26
,956.4343,70.39051,1,26
,1159.268,69.082,5,26
,1256.947,69.11176,5,26
,1351.701,71.51948,5,26
,1022.184,72.39803,5,26
,1586.84,70.74046,5,26
,975.045,73.45261,1,26
,1611.811,74.34328,5,26
,1066.523,75.34853,5,26
,1434.093,76.39175,5,26
,995.346,76.76371,5,26
,1078.57,77.52688,5,26
,1234.771,77.47917,5,26
,1268.115,75.47923,5,26
,1574.179,77.15232,5,26
,1133.366,78.54767,5,26
,1450.514,78.25926,5,26
,1697.936,78.44681,5,26
,1655.472,80.0,5,26
,1862.98,79.09091,5,26
,1681.847,80.47012,5,26
,1709.35,81.97982,5,26
,1190.441,82.1,5,26
,1385.219,81.18058,5,26
,1299.606,81.74699,5,26
,1937.465,83.73228,5,26
,1247.87,83.27437,5,26
,1765.049,83.35664,5,26
,1203.421,85.5467,5,26
,1595.201,86.76805,5,26
,1612.686,86.35,5,26
,1399.647,85.59893,5,26
,1365.922,90.11883,5,26
,1922.969,90.16049,5,26
,1044.544,92.80537,5,26
,1272.878,93.8449,5,26
,978.8738,94.36449,5,26
,1223.197,90.85433,5,26
,1340.007,92.64803,5,26
,1179.532,95.16722,5,26
,1624.63,96.38311,5,26
,1063.014,98.36411,5,26
,1082.419,97.12108,5,26
,1213.195,98.18797,5,26
,1101.811,98.1361,5,26
,1425.897,98.59355,5,26
,1561.5,99.24242,5,26
,1246.565,100.4447,5,26
,1577.088,100.1871,5,26
,1605.781,100.0,5,26
,1018.78,101.811,5,26
,1139.876,102.6298,5,26
,1287.373,100.6727,5,26
,1647.802,102.8095,5,26
,1845.484,103.1842,5,26
,1121.929,103.9908,5,26
,1154.153,105.4414,5,26
,1698.969,105.7179,5,26
,1900.432,105.9773,2,26
,286.4059,106.8614,0,26
,1463.772,107.1754,5,26
,1775.806,106.4645,5,26
,995.6287,108.3158,5,26
,1806.065,108.4867,5,26
,1557.775,109.1685,5,26
,1276.277,109.9004,5,26
,1677.834,110.5143,5,26
,1940.2,111.5833,2,26
,1163.371,110.9758,5,26
,1395.821,111.4657,5,26
,1629.41,115.318,5,26
,1525.625,116.1071,5,26
,1611.291,116.301,5,26
,1742.456,116.8482,5,26
,1424.993,116.8042,5,26
,1441.403,117.8871,5,26
,1453.877,116.8615,5,26
,1286.111,120.2889,5,26
,1492.556,119.338,5,26
,1784.108,121.352,5,26
,1144.086,120.4186,5,26
,1300.32,119.5548,5,26
,1326.262,120.7456,5,26
,1537.352,121.3639,5,26
,1233.684,124.557,5,26
,1367.078,123.8682,5,26
,1159.945,126.0723,5,26
,1891.507,126.708,2,26
,1221.519,126.8182,5,26
,1350.017,126.9167,5,26
,1377.809,126.776,5,26
,1471.721,127.8846,5,26
,1545.278,126.9381,5,26
,1508.472,127.8312,5,26
,1340.015,130.8806,5,26
,1627.1,132.5211,5,26
,1690.629,132.3345,5,26
,1565.93,134.5349,5,26
,1589.352,135.703,5,26
,1408.834,135.5,5,26
,1650.113,136.9858,5,26
,1433.767,137.1686,5,26
,1710.622,136.229,5,26
,1449.42,137.2495,5,26
,1290.672,141.194,5,26
,1533.037,141.7125,5,26
,1663.171,140.75,5,26
,1309.163,140.0968,5,26
,1362.769,143.3077,5,26
,1482.865,142.8406,5,26
,1371.475,147.5072,5,26
,1786.738,145.2163,5,26
,1676.821,147.4976,5,26
,1186.012,148.7561,5,26
,1331.49,149.6281,5,26
,1495.302,151.2044,5,26
,1573.608,153.4855,5,26
,1610.136,153.4213,5,26
,1215.159,155.2037,5,26
,1467.494,154.6824,5,26
,1509.824,156.1805,5,26
,1437.385,156.4189,5,26
,1599.063,157.4016,5,26
,1701.717,157.587,5,26
,1134.2,158.4069,5,26
,1622.73,159.0246,5,26
,1524.818,161.9873,5,26
,1117.755,159.8852,0,26
,1223.821,165.5691,5,26
,1539.435,167.4463,5,26
,1681.183,168.3651,5,26
,1581.038,168.9322,5,26
,1483.207,171.4959,5,26
,1494.727,171.58,5,26
,1549.104,172.9434,5,26
,1328.557,177.4344,5,26
,1436.014,175.9569,5,26
,1788.632,176.1884,5,26
,1348.985,178.1343,5,26
,1373.219,181.137,5,26
,1391.208,181.4717,5,26
,1419.305,180.2988,5,26
,1463.125,181.2065,5,26
,1710.971,182.0036,5,26
,1686.696,182.2532,5,26
,1760.056,182.0218,5,26
,1733.261,183.6523,5,26
,1289.764,184.0702,5,26
,1339.46,183.9503,5,26
,1628.478,184.4328,5,26
,1501.945,185.4485,5,26
,1816.662,185.4126,5,26
,1517.712,186.9,5,26
,1527.685,186.8148,5,26
,1169.69,188.9412,2,26
,1133.584,192.784,0,26
,1311.686,190.4539,5,26
,1352.615,189.7179,5,26
,1547.061,193.5337,5,26
,1381.108,194.3357,5,26
,1564.811,194.8274,5,26
,1477.698,194.8678,5,26
,1604.538,195.7846,5,26
,1795.907,195.488,5,26
,1209.654,195.1778,2,26
,1620.147,197.5455,5,26
,1534.833,199.1667,5,26
,1583.953,200.0124,5,26
,1695.606,200.3907,5,26
,1413.805,198.4634,5,26
,1232.91,201.9549,2,26
,1257.739,203.3258,5,26
,1452.395,203.4325,5,26
,1276.932,203.4266,5,26
,1709.593,203.5309,5,26
,1331.767,205.6619,5,26
,1647.882,205.197,5,26
,1220.536,207.0631,2,26
,1511.386,206.2169,5,26
,1610.175,206.8246,5,26
,1752.96,206.9744,5,26
,1288.774,209.6344,5,26
,1497.97,209.7544,5,26
,1812.583,209.2623,5,26
,1733.995,212.0749,5,26
,1361.118,218.5083,5,26
,209.7264,215.2409,0,26
,1203.08,217.1307,2,26
,1245.963,214.0926,2,26
,1389.561,218.2689,5,26
,1576.473,217.3456,5,26
,1314.992,217.0753,5,26
,1463.074,218.1736,5,26
,1672.161,217.8118,5,26
,1422.921,221.1729,5,26
,1652.403,221.1418,5,26
,1712.592,221.1905,5,26
,1695.548,224.3885,5,26
,1284.874,224.3711,5,26
,1340.144,225.5722,5,26
,1593.134,226.8797,5,26
,1628.069,228.6971,5,26
,1324.294,229.7143,5,26
,1443.479,227.4875,5,26
,1240.418,230.8621,2,26
,1454.879,232.1165,5,26
,1641.72,235.52,5,26
,1805.353,231.88,5,26
,1297.566,231.9578,5,26
,1406.781,232.876,5,26
,1529.123,235.716,5,26
,1583.327,233.8571,5,26
,1432.551,236.6806,5,26
,1612.976,235.4305,5,26
,1666.819,238.4861,5,26
,1310.522,239.4725,5,26
,1847.57,238.8203,2,26
,1359.29,241.6118,5,26
,1561.928,240.6265,5,26
,1267.379,239.6154,5,26
,1710.386,242.057,5,26
,1734.683,242.7817,5,26
,1396.814,243.8571,5,26
,1537.296,244.6,5,26
,1472.609,245.9348,5,26
,1652.948,246.8663,5,26
,1378.405,255.7963,5,26
,1496.338,253.4666,5,26
,1550.133,252.247,5,26
,1696.957,252.1223,5,26
,1787.647,254.1686,5,26
,1290.291,256.6592,5,26
,1262.924,257.25,5,26
,1327.381,260.3419,5,26
,1211.102,258.3523,2,26
,1827.23,258.885,5,26
,1768.091,259.7284,5,26
,1352.167,261.7576,5,26
,1604.218,260.7818,5,26
,1652.486,264.0694,5,26
,1662.953,264.2558,5,26
,1308.927,264.719,5,26
,1558.502,264.6192,5,26
,1841.745,265.3765,5,26
,1533.112,267.0776,5,26
,1264.363,269.3333,5,26
,1542.727,268.9596,5,26
,1625.694,269.0,5,26
,1408.133,272.4558,5,26
,1704.583,270.5534,5,26
,1340.321,275.3801,5,26
,1726.357,275.5217,5,26
,1639.85,276.1973,5,26
,1680.625,279.3636,5,26
,1807.339,279.4384,5,26
,469.9784,279.0459,0,26
,1476.808,280.434,5,26
,1310.333,281.1726,5,26
,1422.464,280.208,5,26
,1264.298,281.5618,5,26
,1362.327,283.0067,5,26
,1606.228,282.9565,5,26
,1556.285,283.6289,5,26
,1659.246,287.0193,5,26
,1157.083,285.5521,2,26
,1540.219,287.3314,5,26
,1395.114,287.9252,5,26
,1682.48,290.8581,5,26
,1441.928,288.8534,5,26
,1335.823,292.5695,5,26
,1466.579,294.0731,5,26
,1745.742,294.0645,5,26
,1282.97,295.4411,5,26
,1793.123,292.9553,5,26
,1691.956,295.4222,5,26
,1673.833,297.1875,5,26
,1598.616,297.8824,5,26
,1843.578,300.1627,4,26
,1487.704,301.0407,5,26
,1549.94,301.0833,5,26
,1633.842,299.0602,5,26
,1720.619,302.5284,5,26
,1245.802,303.4711,3,26
,1420.043,302.3074,5,26
,1643.105,302.6643,5,26
,1705.371,304.2742,5,26
,1828.95,304.2237,5,26
,1618.275,307.8656,5,26
,1539.072,308.1961,5,26
,1515.984,313.6498,5,26
,1587.359,309.994,5,26
,1305.848,308.2305,4,26
,1664.789,311.5614,5,26
,1733.57,311.2805,5,26
,1295.023,312.0916,4,26
,1349.362,313.5935,5,26
,1760.315,314.6404,5,26
,255.6871,314.3323,0,26
,1401.716,313.8308,5,26
,1433.191,314.1145,5,26
,1564.401,318.1975,5,26
,1774.123,317.026,5,26
,1326.981,320.1739,5,26
,1476.045,318.9665,5,26
,1743.705,320.1053,5,26
,1419.355,322.0248,5,26
,1611.454,322.7428,5,26
,219.5496,322.5522,1,26
,1497.732,321.9646,5,26
,1877.906,323.1321,4,26
,1591.629,323.0881,5,26
,1819.947,323.7957,5,26
,268.1015,324.802,0,26
,1382.049,324.8272,5,26
,1456.481,328.8247,5,26
,1628.575,328.9735,5,26
,1671.843,329.3195,5,26
,1434.139,329.6832,5,26
,1899.264,329.5537,4,26
,1859.416,328.382,5,26
,204.7256,331.3349,1,26
,1798.538,333.336,5,26
,1836.318,330.9176,5,26
,1509.183,335.09,5,26
,1753.044,335.0146,5,26
,1357.613,336.5691,5,26
,1392.381,335.8938,5,26
,1567.774,335.914,5,26
,1714.325,336.1034,5,26
,1476.89,338.9756,5,26
,1603.164,339.0708,5,26
,2016.742,338.9755,0,26
,1530.911,339.9914,5,26
,1296.899,341.1748,4,26
,1618.681,343.1775,5,26
,1643.505,345.41,5,26
,1728.202,345.3483,5,26
,1483.389,345.9074,5,26
,1457.549,347.4725,5,26
,1795.536,347.5179,5,26
,253.8319,347.8908,1,26
,200.2822,348.8328,1,26
,1414.168,350.4698,5,26
,1669.911,348.8911,5,26
,1595.423,351.6377,5,26
,1316.182,352.4036,4,26
,1429.03,352.1523,5,26
,280.4689,348.1675,5,26
,301.6112,351.8602,0,26
,1832.312,353.0909,5,26
,1396.535,354.4836,5,26
,1808.78,356.5913,5,26
,228.2264,356.7358,1,26
,266.8491,354.2112,1,26
,1467.989,356.8737,5,26
,1663.301,358.2366,5,26
,1442.719,359.204,5,26
,1977.331,358.4328,0,26
,219.9189,359.6937,1,26
,1685.094,360.1094,5,26
,1738.747,360.3889,5,26
,1916.972,363.6292,4,26
,1529.371,364.1738,5,26
,199.1442,365.093,5,26
,1896.443,365.7892,5,26
,1794.064,366.3465,5,26
,1857.06,366.0717,5,26
,1505.543,366.8306,5,26
,1776.009,367.0261,5,26
,185.1725,367.7887,5,26
,1456.618,367.1031,5,26
,1492.016,369.2623,5,26
,1667.426,369.0638,5,26
,1742.921,371.1584,5,26
,1592.395,372.1545,5,26
,1579.889,372.3413,5,26
,1937.685,374.8816,1,26
,221.541,376.2008,1,26
,1340.1,375.8927,4,26
,1322.35,378.1667,4,26
,1446.59,377.5,5,26
,1557.153,377.2361,5,26
,1718.121,376.1697,5,26
,199.7525,380.7921,5,26
,1358.441,378.4916,5,26
,1568.624,378.26,5,26
,292.3683,380.249,5,26
,1512.694,380.0403,5,26
,272.1875,380.9572,5,26
,1616.348,380.0906,5,26
,1492.978,382.3358,5,26
,1645.106,382.4037,5,26
,1692.901,382.5796,5,26
,1850.069,381.2846,5,26
,1541.07,381.2141,5,26
,1604.482,385.1314,5,26
,1752.585,382.0898,5,26
,1864.282,382.662,5,26
,1659.115,384.2857,5,26
,1737.643,384.3316,5,26
,1833.512,385.0067,5,26
,243.7753,385.633,5,26
,1434.458,383.6267,5,26
,1889.263,386.6332,5,26
,1805.91,388.3287,5,26
,1585.443,389.2099,5,26
,1480.053,391.2421,5,26
,1913.474,390.823,1,26
,1549.938,392.8722,5,26
,1632.322,391.851,5,26
,1458.878,393.0224,5,26
,220.011,394.1878,5,26
,1667.411,391.89,5,26
,1726.278,394.1306,5,26
,238.0508,396.2034,5,26
,1752.606,397.6818,5,26
,1776.472,399.9333,5,26
,323.3641,397.4974,0,26
,1619.996,400.0699,5,26
,1503.907,401.1508,5,26
,1600.888,401.3571,5,26
,290.9161,405.3287,5,26
,242.92,406.9867,5,26
,1561.17,404.8066,5,26
,316.8219,407.8625,5,26
,1477.329,407.4706,5,26
,1874.256,408.0488,5,26
,1885.614,407.4232,5,26
,920.0513,408.5897,0,26
,1831.008,410.3333,5,26
,1655.583,412.4713,5,26
,1732.025,412.0336,5,26
,210.9911,415.5053,5,26
,264.0659,417.1088,5,26
,1489.233,416.5116,5,26
,1693.231,416.3124,5,26
,1715.468,417.5,5,26
,1778.201,417.6594,5,26
,1380.684,417.7034,1,26
,333.0254,419.2754,5,26
,1600.27,417.6225,5,26
,362.2136,419.4591,0,26
,1346.968,420.2143,0,26
,1789.659,420.1317,5,26
,1852.803,419.8651,5,26
,1891.62,420.0506,5,26
,294.2419,421.2258,5,26
,1724.353,420.7983,5,26
,1811.648,420.9497,5,26
,284.2959,421.794,5,26
,1746.227,422.7669,5,26
,1332.595,422.6489,0,26
,1915.312,425.0145,1,26
,240.5592,425.1716,5,26
,1491.179,426.7976,5,26
,1390.202,427.5,1,26
,1672.453,430.2887,5,26
,1764.888,429.9455,5,26
,1831.543,428.148,5,26
,1880.737,429.7116,5,26
,1896.93,430.5936,5,26
,1620.492,432.0203,5,26
,1641.817,430.4885,5,26
,1728.823,430.8154,5,26
,1361.524,431.75,1,26
,1708.077,432.1531,5,26
,1796.104,432.1646,5,26
,1857.671,434.6242,5,26
,208.0284,436.5567,5,26
,305.9805,436.0586,5,26
,1486.819,436.9397,5,26
,1696.967,437.0328,5,26
,1600.165,437.8819,5,26
,1747.962,441.0,5,26
,1461.823,445.2362,5,26
,1566.63,446.5253,5,26
,346.5568,443.8718,5,26
,1434.98,443.5436,5,26
,1501.649,443.7644,1,26
,742.6829,445.0813,0,26
,1635.024,445.0642,5,26
,1801.922,444.6797,5,26
,1837.435,444.9215,5,26
,198.2966,447.7627,5,26
,1857.727,448.609,5,26
,1903.037,445.6194,5,26
,398.37,448.0793,4,26
,1398.035,446.6899,1,26
,1726.009,448.604,5,26
,288.0542,449.2048,5,26
,1376.909,448.7751,1,26
,1481.962,449.0321,1,26
,1587.888,449.1135,5,26
,1943.24,448.503,1,26
,1612.087,451.0723,5,26
,259.467,453.5599,5,26
,1874.07,452.4341,5,26
,228.3096,454.594,5,26
,1362.883,455.8542,1,26
,1519.302,453.937,1,26
,1557.406,453.7188,5,26
,1745.355,454.3846,5,26
,1926.479,454.3727,1,26
,1680.052,454.4007,5,26
,1983.14,455.5263,0,26
,1345.97,456.8148,1,26
,1659.464,456.0867,5,26
,1697.929,457.7686,5,26
,1829.948,456.7832,5,26
,315.4221,458.6025,5,26
,1895.683,458.6889,5,26
,369.3792,460.4585,4,26
,1497.235,461.4027,1,26
,411.9477,461.55,4,26
,1641.209,461.7413,5,26
,590.6506,462.8855,0,26
,1424.025,464.45,5,26
,1808.814,466.1047,5,26
,390.5854,466.9939,4,26
,1573.148,465.785,5,26
,291.145,467.5115,5,26
,1472.64,467.2701,5,26
,242.5714,467.9846,5,26
,1458.708,467.7946,5,26
,1738.884,468.3442,5,26
,1841.535,468.0,5,26
,1991.521,468.2493,0,26
,351.5329,468.9341,4,26
,1861.253,468.4595,5,26
,307.8578,469.4587,5,26
,1601.507,469.8624,5,26
,1750.219,469.9178,5,26
,1486.504,471.2875,1,26
,1938.639,469.9295,1,26
,1916.975,472.1136,1,26
,218.3475,476.6904,5,26
,336.0681,475.2724,5,26
,1718.331,473.0969,5,26
,1873.997,478.4501,5,26
,1898.509,473.2636,5,26
,321.8543,474.7947,5,26
,1336.6,475.3601,0,26
,1525.895,476.8179,4,26
,1559.258,476.2697,1,26
,1498.161,477.5632,5,26
,365.9158,478.4,4,26
,1375.06,471.8827,1,26
,1387.564,478.6064,1,26
,1610.649,479.2583,5,26
,1539.239,478.9789,4,26
,1568.378,481.4257,5,26
,1633.923,482.0385,5,26
,1677.254,481.0789,5,26
,301.1401,485.3671,5,26
,483.72,483.04,0,26
,243.1738,484.4063,5,26
,1771.483,484.48,5,26
,1428.273,484.3272,5,26
,407.6009,487.0526,4,26
,1503.429,488.0625,1,26
,432.1254,487.5268,4,26
,1403.834,488.146,1,26
,352.9762,489.9677,4,26
,320.6245,490.6332,5,26
,1732.882,491.4319,5,26
,286.0312,492.3281,5,26
,1599.81,492.2363,5,26
,1920.5,491.9235,1,26
,386.7703,493.1849,4,26
,1486.925,492.5995,1,26
,1664.288,491.8626,5,26
,1361.574,493.3564,1,26
,1452.532,494.6868,1,26
,1689.416,493.7283,5,26
,1584.893,495.4767,5,26
,1627.455,494.6351,5,26
,254.2697,498.4494,5,26
,1884.101,499.2113,5,26
,302.069,500.5431,5,26
,1514.162,500.3017,1,26
,1414.296,501.6975,1,26
,1472.735,501.6024,5,26
,373.6238,502.2376,4,26
,1820.514,502.027,5,26
,1961.947,502.1591,1,26
,418.326,503.9377,4,26
,1494.232,504.5179,5,26
,1784.431,503.8316,5,26
,1560.772,504.2385,1,26
,235.5139,506.3021,5,26
,263.3186,506.8584,5,26
,1768.758,506.6688,5,26
,1985.79,506.2968,1,26
,1631.348,508.4337,5,26
,296.9091,508.6591,5,26
,182.5854,509.9675,5,26
,1613.672,512.1017,5,26
,1654.017,511.5261,5,26
,434.2328,512.7075,4,26
,1682.988,514.1655,5,26
,1917.687,512.2537,5,26
,1939.914,511.6096,1,26
,275.1026,514.5641,5,26
,388.8382,513.8611,4,26
,1437.376,513.9394,1,26
,354.6538,515.2967,4,26
,1519.262,515.2584,1,26
,1539.47,516.1236,1,26
,1579.382,515.8431,5,26
,1718.512,517.6537,5,26
,1454.714,516.6607,1,26
,1667.2,516.736,5,26
,288.88,517.74,5,26
,1404.693,518.412,5,26
,1640.529,517.3529,5,26
,1770.939,518.816,5,26
,1813.6,518.1748,5,26
,312.7848,519.101,5,26
,1476.54,519.4548,1,26
,1869.398,518.2064,5,26
,567.0851,519.9574,0,26
,1424.129,521.543,5,26
,256.327,520.5765,5,26
,330.9139,520.8874,5,26
,1370.132,521.6415,1,26
,1502.094,521.8294,5,26
,1788.235,521.4412,5,26
,1749.566,521.5974,5,26
,205.5579,524.6368,5,26
,1882.672,524.6134,5,26
,458.5298,531.9084,0,26
,229.1107,527.4576,5,26
,343.1055,527.7454,4,26
,1851.312,529.6064,5,26
,278.2208,531.1798,5,26
,357.0884,531.9116,4,26
,374.0536,531.5476,1,26
,1954.921,531.9535,1,26
,296.3333,531.7381,5,26
,389.039,534.4091,4,26
,1665.871,531.4592,5,26
,188.8879,535.7069,5,26
,1449.77,532.8974,5,26
,1830.252,539.7634,5,26
,1931.181,536.1504,1,26
,246.4182,539.757,5,26
,1285.15,540.5425,0,26
,1912.663,540.5709,5,26
,1815.392,539.6783,5,26
,320.3871,541.5081,5,26
,507.8263,541.8075,0,26
,1494.761,541.9621,5,26
,1624.51,546.6115,5,26
,1414.014,546.6164,1,26
,1891.488,546.6324,5,26
,226.537,546.9804,5,26
,1425.92,546.6304,5,26
,1604.333,541.3038,5,26
,1680.077,548.1455,5,26
,1974.46,547.0203,1,26
,1788.19,550.2097,5,26
,189.3186,553.2726,5,26
,1540.041,553.1799,5,26
,1640.309,552.7566,5,26
,1661.029,552.8439,5,26
,1840.99,552.6699,5,26
,1862.521,552.9313,5,26
,403.1547,555.0847,1,26
,305.3194,554.6736,5,26
,327.318,554.7663,5,26
,1406.71,554.8765,1,26
,1559.5,555.2394,5,26
,281.4371,556.0927,5,26
,357.5464,554.4311,1,26
,1829.121,556.2866,5,26
,1927.364,556.8258,5,26
,166.4455,557.1364,5,26
,423.1092,558.6322,1,26
,1611.317,559.1746,5,26
,1809.613,560.2683,5,26
,316.3803,562.5986,5,26
,1459.848,561.9394,5,26
,1949.541,563.1809,5,26
,454.2419,565.2097,0,26
,1601.222,566.9899,5,26
,1681.991,567.6419,5,26
,2028.732,567.3593,1,26
,246.42,569.4107,5,26
,306.4014,568.993,5,26
,1708.565,569.2885,5,26
,1399.085,570.4043,1,26
,1642.075,569.1529,5,26
,1994.514,569.9855,1,26
,147.6375,571.761,5,26
,342.4886,570.987,1,26
,1524.523,571.3007,5,26
,1660.091,571.4793,5,26
,1789.725,570.4895,5,26
,1868.371,571.2857,5,26
,1905.995,568.2182,5,26
,206.0932,572.6851,5,26
,1623.226,572.2593,5,26
,1498.76,574.616,5,26
,1579.802,575.0938,5,26
,1823.74,573.6875,5,26
,160.814,574.7791,5,26
,1513.285,576.907,5,26
,1876.694,576.6852,5,26
,1936.477,576.7083,5,26
,1537.718,577.6678,5,26
,1960.162,575.8796,1,26
,286.549,578.4824,5,26
,1837.539,579.2362,5,26
,1738.492,580.1735,5,26
,1772.964,580.5971,5,26
,314.4136,581.8613,5,26
,1855.415,580.6792,5,26
,219.2795,585.1242,5,26
,1793.732,585.1063,5,26
,1597.318,585.5365,5,26
,1674.832,585.2744,5,26
,1896.801,589.3396,5,26
,1987.344,588.9003,1,26
,251.5169,589.4607,5,26
,1457.152,590.0217,5,26
,1709.805,590.3464,5,26
,1878.442,589.9015,5,26
,201.7184,591.9126,5,26
,1555.036,591.8252,5,26
,1476.36,593.567,5,26
,1517.892,592.4917,5,26
,1691.145,592.4364,5,26
,1807.446,592.875,5,26
,159.2691,595.3456,5,26
,2030.485,596.6987,1,26
,192.4783,597.7681,5,26
,418.3333,596.9167,0,26
,1788.326,596.6894,5,26
,1937.477,596.1516,5,26
,1974.127,597.7222,1,26
,1834.964,598.8427,5,26
,216.2994,600.1766,5,26
,293.8136,602.0339,5,26
,1729.723,602.6099,5,26
,1955.753,602.4706,5,26
,236.556,603.1336,5,26
,1412.081,603.1737,1,26
,1776.557,603.3333,5,26
,1983.947,603.7133,1,26
,1648.222,604.9753,5,26
,1995.509,603.6316,1,26
,1321.212,605.7197,1,26
,2013.869,606.3793,1,26
,335.339,607.8983,5,26
,1907.156,608.7006,5,26
,184.2121,608.2879,5,26
,1507.273,604.4423,5,26
,1583.536,608.36,5,26
,1600.074,609.0123,5,26
,1845.624,609.2,5,26
,1821.336,608.6521,5,26
,201.3237,612.1594,5,26
,1446.043,612.3043,4,26
,1670.394,612.6629,5,26
,1482.756,611.6667,5,26
,1620.108,613.9639,5,26
,276.1567,615.3272,5,26
,1710.204,614.5986,5,26
,1807.703,613.1809,5,26
,1885.851,613.4686,5,26
,1642.635,615.0,5,26
,2026.062,614.9043,1,26
,219.5594,616.3275,5,26
,1683.45,615.2215,5,26
,1789.854,615.943,5,26
,176.023,617.5668,5,26
,302.1549,616.6232,5,26
,1937.62,617.612,5,26
,1991.792,617.2123,1,26
,1558.932,618.1099,5,26
,317.0365,619.6277,5,26
,1351.441,619.0339,1,26
,1722.843,619.4377,5,26
,1869.228,619.6193,5,26
,161.3087,618.8217,5,26
,1692.014,620.035,5,26
,1664.633,622.6667,5,26
,193.7455,623.4061,5,26
,1455.965,623.1707,5,26
,254.732,623.5773,5,26
,293.1735,624.6027,5,26
,1782.5,623.8636,5,26
,1767.827,624.9596,5,26
,1512.272,625.9868,5,26
,183.6452,628.6022,5,26
,276.069,627.75,5,26
,1490.333,628.7886,5,26
,1752.704,626.6761,4,26
,1905.532,627.5862,5,26
,151.9014,628.4366,5,26
,245.7097,629.1667,5,26
,1677.032,629.0324,5,26
,336.2584,631.0337,5,26
,1843.56,631.26,5,26
,1626.34,629.93,5,26
,1802.629,631.2438,5,26
,1889.454,632.1906,5,26
,138.3439,633.1529,5,26
,167.9174,633.0496,5,26
,1431.944,634.6765,1,26
,1664.447,632.8553,5,26
,1922.103,633.2692,5,26
,1603.433,635.0714,5,26
,1871.281,634.25,5,26
,1993.835,636.1094,1,26
,354.5644,635.2423,1,26
,238.2212,637.292,5,26
,273.25,637.5833,5,26
,461.9375,636.9821,0,26
,1512.519,637.2885,5,26
,303.775,637.7,5,26
,1785.735,638.5353,5,26
,193.2527,639.7912,5,26
,263.3566,643.5814,5,26
,1955.807,642.432,1,26
,331.6819,646.2436,5,26
,131.1569,643.6863,5,26
,161.3908,645.8391,5,26
,295.4078,645.1525,5,26
,346.1643,645.2179,5,26
,1636.345,644.2061,5,26
,1526.364,645.8422,5,26
,1545.5,646.0,5,26
,251.7946,647.2458,5,26
,1764.1,645.8933,1,26
,1690.267,648.2685,5,26
,1829.196,649.5974,1,26
,1929.441,648.6649,5,26
,152.1111,651.2778,5,26
,189.76,650.79,5,26
,281.4951,651.9417,5,26
,1913.669,650.5433,1,26
,360.2177,652.7419,1,26
,310.3311,653.8477,5,26
,1455.317,654.0573,5,26
,1583.615,653.9103,5,26
,1787.534,655.0777,1,26
,1504.17,656.3147,5,26
,1630.834,655.546,5,26
,169.973,658.5405,5,26
,1899.485,656.6123,5,26
,223.7686,659.0961,5,26
,299.3023,658.4651,5,26
,258.1852,660.0185,5,26
,1572.867,660.2041,5,26
,1741.103,659.9799,4,26
,289.3318,662.4455,5,26
,1538.121,662.7759,5,26
,273.3304,663.9204,5,26
,1676.891,665.5738,5,26
,124.5878,667.3446,5,26
,212.5887,668.1358,5,26
,1451.851,665.973,5,26
,105.7444,667.8,5,26
,1519.341,667.8157,4,26
,345.6427,668.7205,1,26
,1314.186,668.4571,1,26
,1942.821,668.3828,1,26
,1262.412,669.3462,0,26
,1476.582,671.8159,5,26
,1713.351,669.9746,5,26
,1913.563,672.0333,1,26
,188.95,673.5167,5,26
,253.7318,673.2682,5,26
,1638.95,674.925,5,26
,1839.483,676.0996,1,26
,1504.184,675.992,5,26
,1649.826,676.1875,5,26
,102.6875,677.6,5,26
,1593.0,680.5,5,26
,1407.985,681.6765,1,26
,2040.088,680.3878,1,26
,1381.268,682.433,1,26
,1555.323,683.0312,5,26
,1577.806,682.129,5,26
,1882.156,681.579,1,26
,1420.101,683.4948,1,26
,1520.7,686.4646,4,26
,1733.624,683.2576,1,26
,1929.286,683.4392,1,26
,204.382,684.5056,5,26
,268.5556,683.8444,5,26
,288.5172,683.9425,5,26
,1538.4,685.5,5,26
,1622.855,686.2898,5,26
,1700.423,685.8862,5,26
,239.1289,687.1108,5,26
,77.05682,689.25,5,26
,334.5904,688.9283,5,26
,1461.043,689.4931,5,26
,190.2887,689.1753,5,26
,1649.813,689.3956,5,26
,1677.208,690.3,5,26
,100.8357,690.338,5,26
,1563.959,691.407,5,26
,1712.575,690.0448,5,26
,180.5042,692.9706,5,26
,1359.622,692.0528,1,26
,311.3573,695.828,5,26
,1578.905,694.8842,5,26
,1930.171,696.6851,1,26
,1641.77,697.223,5,26
,1691.755,697.7695,5,26
,1767.967,698.1152,1,26
,1840.144,698.2618,1,26
,475.3502,699.23,0,26
,1477.623,701.0119,5,26
,1498.247,701.3836,5,26
,1789.076,700.8987,1,26
,349.3822,702.4968,5,26
,246.1266,702.6456,5,26
,1444.213,703.5072,5,26
,59.01966,704.3596,5,26
,206.8211,702.9201,5,26
,1705.303,704.4225,5,26
,276.7059,705.3971,5,26
,1548.96,704.1244,5,26
,1661.757,704.4925,5,26
,193.6505,706.8495,5,26
,229.3768,705.8551,5,26
,329.9516,707.3495,5,26
,1560.573,706.1867,5,26
,1592.288,707.4431,5,26
,1607.808,706.4932,5,26
,289.4808,708.5962,5,26
,1775.167,708.9657,1,26
,1421.939,709.8485,1,26
,1572.2,708.02,5,26
,1404.042,711.772,1,26
,1458.403,712.6458,5,26
,1725.158,714.1228,1,26
,255.2701,714.0416,5,26
,1490.542,714.3958,5,26
,1714.675,714.8299,5,26
,1509.32,717.36,5,26
,1702.911,718.5223,5,26
,355.3166,719.8996,0,26
,1560.312,719.2477,5,26
,1738.1,719.2372,1,26
,1666.959,721.1148,5,26
,1530.738,722.8361,5,26
,177.0761,723.1196,5,26
,315.5341,722.5103,5,26
,200.3175,723.4444,5,26
,1628.571,724.5714,5,26
,1833.586,723.7553,1,26
,1442.762,729.1385,5,26
,74.93293,731.5915,5,26
,1429.568,728.8136,5,26
,1481.754,728.8154,5,26
,276.4069,731.1388,5,26
,1517.385,731.25,5,26
,1166.865,732.4064,0,26
,1409.877,730.9522,1,26
,249.9838,732.6893,5,26
,293.9028,733.1875,5,26
,347.4084,733.0161,0,26
,1546.728,734.7572,5,26
,1590.661,735.2143,5,26
,1672.714,734.665,5,26
,97.93151,735.1826,5,26
,176.2048,735.9398,5,26
,1421.702,736.7521,1,26
,1624.761,736.5188,5,26
,1652.345,737.0182,5,26
,1536.586,737.8714,5,26
,324.6275,738.5686,5,26
,210.2877,739.9041,5,26
,1819.469,744.7421,1,26
,1435.321,743.321,5,26
,1605.77,743.3095,5,26
,1688.339,742.7603,5,26
,1373.338,744.7162,1,26
,1631.104,752.6397,5,26
,315.5902,746.9021,5,26
,1505.747,746.9684,5,26
,1401.171,747.5524,1,26
,1569.982,748.1071,5,26
,1556.099,749.5023,5,26
,1666.269,748.5172,5,26
,198.0273,750.0601,5,26
,1079.819,751.5639,0,26
,1544.333,749.5694,5,26
,175.1221,750.9419,5,26
,254.9471,750.5026,5,26
,301.7772,750.1793,5,26
,1363.154,751.1615,1,26
,67.67857,751.6214,5,26
,151.2877,753.2055,5,26
,1425.529,753.0882,5,26
,1514.585,751.5566,5,26
,1435.847,753.4388,5,26
,1707.729,752.3032,5,26
,1616.574,756.0888,5,26
,239.8174,758.0609,5,26
,1351.912,760.0885,1,26
,1523.128,758.096,5,26
,1202.709,760.2273,1,26
,1593.112,760.4483,5,26
,229.08,761.2,5,26
,1605.054,761.1892,5,26
,1460.685,761.6159,5,26
,271.8358,763.806,5,26
,1728.32,765.964,1,26
,247.9346,767.4486,5,26
,1282.074,768.0328,1,26
,1166.191,767.4338,1,26
,1646.356,767.9333,5,26
,218.4371,769.2575,5,26
,1482.2,768.728,5,26
,176.6705,770.0227,5,26
,1072.776,769.4925,0,26
,1496.435,770.0797,5,26
,1776.784,769.834,1,26
,1333.779,771.5272,1,26
,1521.646,771.5976,5,26
,1611.92,771.6591,5,26
,1413.303,772.9211,1,26
,262.8191,774.57,5,26
,168.3774,774.9434,5,26
,1097.35,776.5691,1,26
,1593.019,775.9623,5,26
,1725.356,777.2593,1,26
,203.2689,779.6515,0,26
,1558.706,777.4559,5,26
,1216.852,779.6296,1,26
,1176.185,780.4239,1,26
,1706.541,783.2569,1,26
,1088.611,780.3895,1,26
,1611.558,781.4419,5,26
,1627.198,780.8745,5,26
,1154.797,781.6757,1,26
,1496.724,784.597,5,26
,889.8454,783.0725,0,26
,1671.918,783.7887,5,26
,1785.299,784.9577,1,26
,1436.098,784.6403,5,26
,1657.304,785.1413,5,26
,1455.957,786.5115,5,26
,1107.786,788.3648,1,26
,1477.523,790.5677,5,26
,1220.231,791.9252,1,26
,1512.772,791.5694,5,26
,998.7381,793.0714,1,26
,1406.583,793.4306,1,26
,1572.763,794.2256,5,26
,1490.716,796.5455,5,26
,1614.052,797.894,5,26
,1720.0,797.9627,1,26
,1760.421,798.4137,1,26
,956.5849,798.6945,1,26
,1684.434,798.2465,5,26
,1657.042,799.951,5,26
,1276.867,802.2889,1,26
,1499.075,802.8833,5,26
,994.6169,806.8123,1,26
,1476.643,806.4048,5,26
,1450.504,806.4468,5,26
,1602.087,807.2319,5,26
,1589.288,809.226,5,26
,1673.151,808.7442,5,26
,912.3333,809.5667,0,26
,1631.276,809.627,5,26
,136.5686,812.0,0,26
,920.6364,814.2879,0,26
,1522.375,814.0735,5,26
,1171.457,815.3085,1,26
,902.7439,817.2195,0,26
,1595.533,818.2897,5,26
,1187.013,819.65,1,26
,1559.835,820.685,5,26
,413.7403,822.9134,0,26
,1539.399,820.1822,5,26
,1586.868,824.5882,5,26
,1712.333,823.301,1,26
,907.7656,824.7188,0,26
,1618.707,824.9106,5,26
,1661.235,826.1033,5,26
,787.6656,826.2649,0,26
,1510.745,826.9412,5,26
,1159.068,828.8272,1,26
,1561.96,831.5347,5,26
,893.185,830.9422,0,26
,1590.178,839.6636,5,26
,1633.385,839.1244,1,26
,1678.42,839.7884,1,26
,1713.386,838.5757,1,26
,924.0505,840.9293,1,26
,994.6526,840.9684,1,26
,1234.836,841.0137,1,26
,1490.83,840.963,5,26
,1562.705,841.7895,5,26
,1193.0,842.7561,1,26
,1610.793,845.2529,1,26
,1152.0,848.5,1,26
,1749.529,851.6004,1,26
,1687.747,851.5225,1,26
,1573.707,851.9895,5,26
,988.0,853.75,1,26
,612.9774,855.9209,6,26
,1031.417,855.3058,1,26
,1179.553,855.2671,1,26
,1669.333,854.0523,1,26
,911.3171,857.6829,1,26
,1543.498,859.6263,5,26
,948.8273,858.7122,1,26
,1707.307,858.5947,1,26
,1731.923,858.944,1,26
,929.4737,861.1447,1,26
,1679.142,863.4917,1,26
,989.1894,864.1591,1,26
,1616.552,863.5244,1,26
,961.5075,866.5473,1,26
,1668.445,867.3782,1,26
,920.5153,867.8098,1,26
,1069.5,868.0,1,26
,1698.615,870.4587,1,26
,1011.856,872.5768,1,26
,1572.933,875.9396,1,26
,987.1988,876.4985,1,26
,1201.234,877.8936,1,26
,972.6164,878.1698,1,26
,1625.505,878.6832,1,26
,1662.546,879.4043,1,26
,959.0901,879.5495,1,26
,1103.231,879.8462,1,26
,820.6262,880.8252,0,26
,1260.03,880.5556,1,26
,1650.503,880.5088,1,26
,1326.964,881.9227,1,26
,1114.986,882.5714,1,26
,485.8219,884.2938,0,26
,556.0343,886.8338,0,26
,1068.588,885.5875,1,26
,1282.176,886.392,1,26
,1731.0,886.713,1,26
,1204.397,890.0426,1,26
,469.1364,890.1727,0,26
,1298.771,889.5524,1,26
,1638.653,889.0347,1,26
,1653.86,891.78,1,26
,540.4341,891.8976,0,26
,899.1227,891.9091,5,26
,790.7516,891.9562,0,26
,914.4036,893.5843,5,26
,1058.0,893.75,5,26
,1232.535,892.9225,1,26
,1216.838,893.3592,1,26
,936.1822,896.9915,5,26
,1000.589,896.6061,1,26
,858.236,897.8539,5,26
,1106.515,898.6515,5,26
,810.513,899.0783,0,26
,1343.302,898.8178,1,26
,1674.479,898.2648,1,26
,1698.304,899.4662,1,26
,1870.503,899.6883,0,26
,217.8547,900.937,0,26
,475.8218,900.8119,0,26
,1017.072,900.6268,5,26
,1035.434,901.1319,5,26
,552.7831,901.7229,0,26
,1320.578,900.9531,1,26
,1723.539,905.9253,1,26
,971.1135,901.1631,5,26
,907.0476,905.0159,5,26
,1329.191,905.3723,1,26
,503.2405,906.1181,0,26
,827.8036,905.2837,0,26
,1179.907,905.6574,1,26
,1274.012,906.929,1,26
,1306.043,907.5429,1,26
,805.9508,908.7377,0,26
,1689.769,908.7778,1,26
,1740.025,903.0413,1,26
,1782.553,907.7907,1,26
,1910.668,907.9075,2,26
,465.6667,911.5556,0,26
,1166.535,912.2719,1,26
,1668.65,910.0486,1,26
,1083.105,913.5203,1,26
,1284.531,912.7969,1,26
,1321.684,913.2237,1,26
,1571.706,912.8431,1,26
,1137.699,914.4819,1,26
,961.7812,916.1187,5,26
,973.1456,916.6699,5,26
,1761.75,917.0227,1,26
,549.8051,918.5668,0,26
,1098.701,915.0097,1,26
,1117.258,920.2418,1,26
,1311.593,920.3628,1,26
,1021.641,921.1517,5,26
,1354.881,921.3299,1,26
,853.2973,921.7838,5,26
,1682.263,921.9635,1,26
,900.4879,923.2273,5,26
,1911.25,923.3095,0,26
,831.1042,922.9583,5,26
,1724.286,925.0065,1,26
,992.5612,926.0918,5,26
,777.3312,927.8139,6,26
,917.5333,926.42,5,26
,1004.144,927.5667,5,26
,1777.54,926.373,1,26
,568.3733,928.44,0,26
,944.7933,928.867,5,26
,965.4595,929.6432,5,26
,1036.024,930.1504,5,26
,555.9822,932.2604,0,26
,800.7105,932.4737,5,26
,1019.842,933.1842,5,26
,1068.792,930.5059,1,26
,1120.245,933.0144,1,26
,885.5896,935.4623,5,26
,922.2945,935.3865,5,26
,843.5647,936.0706,5,26
,1091.233,936.2791,1,26
,908.3204,936.6796,5,26
,1005.125,938.7875,5,26
,1669.018,938.4909,1,26
,861.7303,939.2809,5,26
,1351.986,937.2826,1,26
,934.4859,941.6338,5,26
,1056.474,941.5696,5,26
,545.9242,944.0455,0,26
,870.3676,943.6324,5,26
,1085.426,944.0426,5,26
,1756.171,942.8008,1,26
,1266.125,945.9557,1,26
,759.0321,944.9927,5,26
,956.4074,947.6296,5,26
,1358.175,947.2381,1,26
,990.2174,948.4957,5,26
,1017.97,947.7071,5,26
,928.4479,949.5417,5,26
,796.9858,949.5735,5,26
,1073.804,951.8137,1,26
,1097.912,952.0,1,26
,780.0068,954.8273,5,26
,1039.504,953.7273,5,26
,1825.36,954.4686,1,26
,556.8725,955.105,0,26
,670.9565,959.4493,0,26
,818.824,957.2,5,26
,887.1376,959.7339,5,26
,1797.749,958.6165,1,26
,594.974,961.5844,1,26
,922.9576,960.4909,5,26
,1416.446,961.5893,0,26
,649.6593,962.0879,1,26
,1088.836,961.8219,5,26
,1726.899,964.8816,1,26
,1380.865,963.9625,1,26
,1856.768,963.3036,1,26
,603.6154,965.0,1,26
,968.8987,964.8587,5,26
,990.7828,964.8914,5,26
,1396.484,965.1639,1,26
,1053.382,965.4705,5,26
,1296.736,966.967,1,26
,1423.357,967.0571,0,26
,1816.252,966.4604,1,26
,663.407,967.5698,5,26
,1838.256,968.2805,1,26
,1082.048,969.9286,5,26
,1756.059,968.0078,1,26
,905.8868,970.0755,5,26
,940.422,971.5873,5,26
,711.7826,972.0652,5,26
,877.6852,972.0185,5,26
,637.9707,973.8933,1,26
,790.0385,973.1683,5,26
,894.8067,973.5933,5,26
,1042.133,973.1094,5,26
,917.5224,975.2788,5,26
,1644.333,974.6471,1,26
,774.2474,975.4158,5,26
,1416.168,977.5135,0,26
,1439.942,977.4562,0,26
,1873.112,977.3,1,26
,624.0481,979.0673,1,26
,1022.577,981.5865,5,26
,1792.4,981.386,1,26
,727.87,983.5523,5,26
,749.5775,985.8717,5,26
,794.8235,985.1261,5,26
,807.033,985.4725,5,26
,824.5238,987.1302,5,26
,890.4087,985.4739,5,26
,1812.418,985.9829,1,26
,661.9292,987.7035,5,26
,1875.776,987.6119,1,26
,870.8415,989.683,5,26
,949.0,991.24,5,26
,1027.136,992.3523,5,26
,964.1739,993.7391,5,26
,971.6471,997.5294,5,26
,588.8824,998.2157,1,26
,632.3896,998.1169,5,26
,740.876,997.686,5,26
,1059.253,998.0575,4,26
,620.3059,999.2941,5,26
,643.3957,999.5468,5,26
,695.75,1000.694,5,26
,708.0123,1001.667,5,26
,891.3077,1001.135,5,26
,1741.141,1001.188,1,26
,1826.51,1001.062,1,26
,762.3115,1001.18,5,26
,927.0651,1001.536,5,26
,729.9359,1002.897,5,26
,798.5556,1004.036,5,26
,1008.286,1008.367,5,26
,1748.324,1008.423,1,26
,824.9816,1008.852,5,26
,594.2538,1012.274,1,26
,1033.722,1010.608,4,26
,902.8075,1012.066,5,26
,1059.516,1010.301,0,26
,1795.267,1010.971,1,26
,615.137,1011.342,5,26
,756.2338,1011.338,5,26
,947.2237,1012.092,5,26
,1023.337,1013.013,4,26
,563.9591,1013.912,1,26
,914.9253,1014.166,5,26
,540.0,1015.129,0,26
,653.8102,1014.47,5,26
,1820.948,1015.404,1,26
,1969.881,1014.701,1,26
,1948.528,1016.743,1,26
,861.1032,1017.603,5,26
,1002.245,1016.856,5,26
,1043.712,1016.967,0,26
,939.8919,1019.387,5,26
,725.5532,1022.899,5,26
,764.602,1024.435,5,26
,785.597,1023.015,5,26
,556.1179,1023.973,0,26
,1027.848,1024.205,0,26
,604.6129,1026.016,5,26
,630.9174,1025.982,5,26
,705.4765,1027.698,5,26
,894.5917,1034.679,5,26
,1767.126,1024.326,1,26
,571.1353,1031.908,5,26
,588.1013,1031.108,5,26
,877.6346,1030.423,5,26
,978.936,1029.464,5,26
,1831.587,1029.74,1,26
,946.25,1032.947,5,26
,2011.34,1033.616,1,26
,623.3875,1035.15,5,26
,1987.53,1036.131,1,26
,928.196,1037.384,5,26
,759.7355,1039.083,5,26
,903.3861,1031.351,5,26
,800.2143,1039.69,5,26
,1385.139,1039.625,0,26
,1843.155,1040.182,1,26
,719.7202,1041.113,5,26
,784.3571,1041.524,5,26
,626.1364,1043.068,5,26
,734.814,1044.74,5,26
,958.2456,1045.351,5,26
,750.034,1045.554,5,26
,1968.87,1046.804,1,26
,581.9679,1047.225,5,26
,886.8571,1048.057,5,26
,872.1619,1050.081,5,26
,977.0428,1050.63,5,26
,690.1126,1050.344,5,26
,702.7067,1050.84,5,26
,852.269,1051.357,5,26
,1011.079,1051.944,0,26
,841.0407,1052.854,5,26
,574.5364,1054.517,5,26
,2000.777,1054.128,1,26
,646.6,1055.6,5,26
,1024.397,1054.567,0,26
,537.7955,1055.75,1,26
,2039.028,1055.617,1,26
,636.8478,1060.043,5,26
,788.2426,1060.388,5,26
,1909.381,1061.853,1,26
,948.8493,1061.11,5,26
,769.1102,1063.48,5,26
,961.1449,1061.402,5,26
,610.3776,1065.902,5,26
,840.3855,1064.928,5,26
,851.4531,1064.672,5,26
,895.6339,1064.759,5,26
,673.0792,1066.079,5,26
,743.5238,1067.429,5,26
,937.5682,1066.159,5,26
,1857.124,1066.606,1,26
,804.7132,1068.279,5,26
,913.6815,1068.715,5,26
,574.1306,1071.18,5,26
,830.9279,1071.892,5,26
,1538.683,1072.0,3,26
,1996.467,1071.521,1,26
,639.3012,1073.205,5,26
,601.9114,1074.684,5,26
,704.6196,1074.109,5,26
,1901.479,1074.296,1,26
,714.3908,1074.667,5,26
,1523.851,1075.077,3,26
,871.1786,1076.024,5,26
,615.7037,1076.659,5,26
,809.4902,1077.039,5,26
,964.9977,1077.203,5,26
,818.5068,1078.123,5,26
,564.3564,1079.309,5,26
,984.6267,1078.553,0,26
,1870.904,1080.579,1,26
,769.1178,1081.752,5,26
,852.2205,1077.862,5,26
,741.2342,1080.962,5,26
,544.725,1082.125,5,26
,654.0435,1084.587,5,26
,705.5267,1086.885,5,26
,607.4286,1085.707,5,26
,813.6639,1085.807,5,26
,907.9802,1087.822,5,26
,919.25,1087.172,5,26
,1983.5,1088.0,1,26
,827.7741,1089.238,5,26
,949.4265,1088.387,5,26
,932.9417,1089.925,5,26
,1019.427,1090.116,0,26
,529.587,1090.848,5,26
,859.6039,1090.584,5,26
,964.8108,1094.368,0,26
,667.5009,1095.246,5,26
,571.7277,1095.801,5,26
,690.6522,1097.116,5,26
,851.8312,1097.649,5,26
,1551.314,1099.208,3,26
,774.9885,1099.46,5,26
,546.268,1102.229,5,26
,922.1515,1103.394,5,26
,607.1869,1104.885,5,26
,864.4807,1104.431,5,26
,957.3818,1105.339,5,26
,1021.101,1105.843,0,26
,626.9138,1108.724,5,26
,779.8375,1108.037,5,26
,512.9615,1109.236,5,26
,660.3919,1108.959,5,26
,693.4535,1109.337,5,26
,810.8551,1110.058,5,26
,903.9706,1111.891,5,26
,496.9909,1112.283,5,26
,590.4245,1111.344,5,26
,636.94,1111.56,5,26
,765.8576,1107.494,5,26
,851.9734,1111.223,5,26
,564.3469,1113.619,5,26
,717.6351,1114.135,5,26
,672.3729,1116.983,5,26
,868.2452,1116.702,5,26
,534.3871,1119.409,5,26
,1554.537,1118.879,3,26
,726.9604,1119.97,5,26
,893.5664,1119.601,5,26
,959.9656,1121.218,5,26
,790.9889,1121.883,5,26
,936.2557,1124.932,5,26
,846.5926,1126.333,5,26
,769.8657,1125.97,5,26
,522.0992,1127.814,5,26
,779.8235,1128.343,5,26
,809.5224,1128.881,5,26
,916.0476,1128.325,5,26
,2013.709,1127.423,1,26
,551.0983,1128.618,5,26
,799.6935,1129.645,5,26
,825.094,1131.323,5,26
,653.6184,1130.513,5,26
,685.4382,1131.315,5,26
,859.6628,1130.767,5,26
,871.4014,1132.028,5,26
,928.4762,1134.794,5,26
,838.7574,1134.568,5,26
,2027.194,1135.935,1,26
,563.8318,1138.846,5,26
,607.7708,1139.448,5,26
,803.5758,1139.818,5,26
,664.6516,1141.019,5,26
,730.9966,1140.666,5,26
,786.9667,1142.033,5,26
,870.0709,1144.851,5,26
,1625.136,1143.408,3,26
,529.8971,1148.25,5,26
,602.8913,1149.065,5,26
,557.202,1150.253,5,26
,859.6786,1151.214,5,26
,928.9878,1151.399,5,26
,1599.447,1152.515,3,26
,656.6957,1152.261,5,26
,901.0814,1152.407,5,26
,638.34,1153.835,5,26
,750.3265,1153.918,5,26
,548.8155,1155.732,5,26
,523.9434,1156.415,5,26
,798.2557,1156.102,5,26
,815.9492,1156.864,5,26
,875.4309,1154.186,5,26
,1621.099,1154.67,3,26
,663.1695,1157.373,5,26
,863.4382,1159.494,5,26
,905.7128,1160.968,5,26
,602.3636,1159.882,5,26
,566.8436,1159.772,5,26
,623.34,1164.16,5,26
,820.551,1164.367,5,26
,515.2039,1164.757,5,26
,505.3333,1168.119,5,26
,937.8733,1168.867,5,26
,532.9398,1169.225,5,26
,486.0518,1171.628,5,26
,650.9053,1171.811,5,26
,885.9178,1172.548,5,26
,969.0761,1171.685,0,26
,995.3216,1172.187,0,26
,404.2517,1173.675,0,26
,519.1111,1174.935,5,26
,727.8321,1173.599,5,26
,631.4889,1176.844,5,26
,668.6287,1178.526,5,26
,812.1376,1179.339,5,26
,903.6689,1179.603,5,26
,961.4393,1179.234,5,26
,890.7062,1183.169,5,26
,934.8832,1185.288,5,26
,761.4286,1185.759,5,26
,606.8931,1187.74,5,26
,810.2727,1188.473,5,26
,506.2275,1190.064,5,26
,523.5498,1190.164,5,26
,621.5,1190.092,5,26
,637.8881,1190.985,5,26
,708.2593,1193.407,5,26
,971.0476,1193.833,5,26
,598.0118,1194.965,5,26
,699.1176,1194.918,5,26
,920.4538,1195.286,5,26
,979.05,1196.5,5,26
,826.9682,1197.268,5,26
,448.3214,1198.643,5,26
,893.0986,1198.211,5,26
,647.3506,1199.636,5,26
,557.536,1200.353,5,26
,686.6684,1201.447,5,26
,785.6352,1202.846,5,26
,818.3077,1203.503,5,26
,868.4646,1201.424,5,26
,879.1207,1203.282,5,26
,847.8974,1204.032,5,26
,1660.299,1204.286,1,26
,475.9852,1207.674,5,26
,805.2145,1206.346,5,26
,981.7317,1206.293,5,26
,1648.28,1207.333,3,26
,734.9307,1210.703,5,26
,759.2286,1210.243,5,26
,442.9677,1211.032,5,26
,948.1655,1212.237,4,26
,871.9453,1213.703,5,26
,599.0408,1213.694,5,26
,573.9528,1213.462,5,26
,590.92,1214.74,5,26
,532.3606,1215.115,5,26
,859.766,1217.787,5,26
,896.8394,1217.767,5,26
,564.3222,1217.756,5,26
,646.0938,1218.312,5,26
,435.7184,1218.641,5,26
,724.4135,1223.154,5,26
,797.0451,1222.459,5,26
,933.6512,1223.802,4,26
,773.0267,1223.94,5,26
,868.0361,1223.723,5,26
,352.6242,1226.097,0,26
,879.5258,1225.784,5,26
,506.88,1226.29,5,26
,630.0905,1227.354,5,26
,965.5935,1227.276,4,26
,571.931,1228.234,5,26
,784.7514,1229.167,5,26
,609.7576,1229.152,5,26
,600.8839,1230.812,5,26
,588.4407,1233.034,5,26
,530.3918,1233.865,5,26
,727.3155,1235.578,5,26
,928.217,1235.075,4,26
,616.8056,1235.875,5,26
,696.4215,1235.884,5,26
,643.3671,1236.975,5,26
,797.5484,1237.065,5,26
,951.2335,1237.048,4,26
,445.9654,1238.75,5,26
,938.9124,1239.619,4,26
,817.022,1239.736,5,26
,1686.903,1239.043,1,26
,806.1231,1242.415,5,26
,894.9278,1243.079,5,26
,983.2397,1243.248,4,26
,914.8515,1243.665,4,26
,1722.442,1248.306,1,26
,648.6032,1245.032,5,26
,610.287,1245.478,5,26
,971.2734,1248.932,4,26
,687.52,1248.547,5,26
,820.4,1249.407,5,26
,469.2179,1250.346,5,26
,580.3977,1249.71,5,26
,861.5,1250.0,5,26
,376.4934,1257.556,5,26
,951.8848,1252.76,4,26
,397.6182,1253.309,5,26
,779.2353,1254.627,5,26
,569.0359,1254.876,5,26
,937.0952,1254.518,4,26
,1731.193,1254.75,1,26
,441.9797,1255.178,5,26
,757.3898,1256.373,5,26
,682.4977,1258.286,5,26
,532.5,1257.862,5,26
,904.2553,1257.957,5,26
,634.5534,1260.019,5,26
,602.5968,1262.887,5,26
,984.7481,1262.281,4,26
,1738.873,1262.333,1,26
,348.4536,1263.794,5,26
,494.3387,1264.313,5,26
,1704.707,1263.964,1,26
,435.7624,1265.228,5,26
,804.5152,1266.182,5,26
,962.4526,1265.961,4,26
,390.055,1267.761,5,26
,675.9626,1269.477,5,26
,823.6275,1269.447,5,26
,363.5181,1269.743,5,26
,948.8211,1270.618,4,26
,784.9977,1272.044,5,26
,701.0862,1274.052,5,26
,889.2407,1275.448,5,26
,899.6184,1274.118,5,26
,1037.63,1274.543,0,26
,689.7299,1274.445,5,26
,766.4926,1275.548,5,26
,909.6157,1275.736,5,26
,751.9733,1275.853,5,26
,1700.271,1277.271,1,26
,810.6667,1277.942,5,26
,1760.235,1279.382,1,26
,799.1739,1279.304,5,26
,639.1061,1278.763,5,26
,929.1616,1281.273,4,26
,961.1355,1280.039,4,26
,471.383,1283.475,5,26
,430.4966,1283.079,5,26
,310.6647,1286.792,0,26
,975.7573,1283.677,4,26
,827.786,1287.105,5,26
,936.0465,1289.558,4,26
,1766.78,1289.165,1,26
,584.44,1290.229,5,26
,401.8571,1291.771,5,26
,416.0828,1289.952,5,26
,725.1883,1291.722,5,26
,884.4421,1290.944,5,26
,465.0941,1293.176,5,26
,842.7244,1292.937,5,26
,925.3269,1292.59,4,26
,390.2835,1294.228,5,26
,212.243,1295.518,0,26
,907.5,1294.559,5,26
,368.642,1296.642,5,26
,475.3333,1296.596,5,26
,609.529,1298.594,5,26
,398.8523,1300.92,5,26
,424.4211,1300.678,5,26
,633.5511,1302.278,5,26
,748.4821,1303.661,5,26
,798.4973,1302.011,5,26
,1003.293,1304.333,4,26
,937.2197,1306.371,4,26
,302.9054,1305.59,5,26
,877.9154,1304.954,5,26
,740.7429,1307.429,5,26
,859.3453,1305.997,5,26
,1016.78,1307.102,1,26
,364.5616,1308.336,5,26
,408.7456,1307.851,5,26
,523.0881,1309.304,5,26
,682.06,1309.78,5,26
,488.1698,1311.189,5,26
,1770.254,1310.989,1,26
,352.0722,1312.939,5,26
,470.5257,1313.551,5,26
,790.8167,1313.45,5,26
,628.8889,1314.762,5,26
,906.0795,1315.75,5,26
,848.0,1315.646,5,26
,973.4091,1317.75,5,26
,591.018,1320.279,5,26
,932.2881,1319.729,5,26
,503.5857,1318.971,5,26
,735.9153,1319.661,5,26
,1002.385,1320.156,1,26
,988.2373,1320.729,1,26
,525.6166,1320.814,5,26
,892.3451,1322.159,5,26
,701.0321,1323.543,5,26
,770.4455,1325.069,5,26
,617.7147,1327.749,5,26
,745.6774,1326.148,5,26
,314.9942,1325.146,5,26
,980.4355,1326.218,5,26
,429.7431,1328.778,5,26
,367.9382,1329.011,5,26
,462.6683,1328.2,5,26
,877.1919,1330.616,5,26
,1761.693,1331.378,1,26
,1793.391,1331.055,1,26
,279.1623,1333.126,5,26
,397.633,1332.945,5,26
,717.3889,1332.444,5,26
,777.1881,1333.673,5,26
,898.1613,1333.452,5,26
,360.7097,1334.452,5,26
,734.0923,1334.523,5,26
,788.8298,1336.979,5,26
,502.461,1340.851,5,26
,526.9912,1339.781,5,26
,599.4618,1339.984,5,26
,1009.109,1339.63,1,26
,410.8365,1342.192,5,26
,840.3387,1342.468,5,26
,864.9561,1341.947,5,26
,925.0127,1341.646,5,26
,1801.199,1344.398,1,26
,547.5708,1343.086,5,26
,627.7526,1345.041,5,26
,913.3333,1343.615,5,26
,855.4364,1344.655,5,26
,957.7317,1347.756,5,26
,965.8429,1345.971,5,26
,988.3571,1346.655,5,26
,216.4108,1342.23,0,26
,263.2727,1347.386,5,26
,516.8526,1349.089,5,26
,578.6833,1349.517,5,26
,420.1681,1349.434,5,26
,288.7681,1352.42,5,26
,537.5578,1351.327,5,26
,668.5,1353.305,5,26
,813.5537,1353.521,5,26
,1971.138,1354.5,1,26
,306.0125,1355.412,5,26
,397.964,1355.158,5,26
,561.0191,1355.306,5,26
,936.3762,1356.713,5,26
,372.8057,1357.709,5,26
,445.6606,1359.279,5,26
,529.9536,1358.582,5,26
,1033.46,1358.287,1,26
,1817.427,1358.708,1,26
,126.1366,1358.422,5,26
,763.17,1359.73,5,26
,880.4815,1359.241,5,26
,965.0,1358.5,5,26
,630.6115,1360.247,5,26
,257.113,1361.113,5,26
,840.175,1362.544,5,26
,227.5314,1362.819,5,26
,407.4519,1362.192,5,26
,776.3975,1363.46,5,26
,667.5294,1363.765,5,26
,154.6229,1365.838,5,26
,287.1429,1367.257,5,26
,475.6798,1365.079,5,26
,940.2571,1366.981,5,26
,336.0145,1368.623,5,26
,657.5091,1370.073,5,26
,997.2548,1371.695,5,26
,179.09,1371.77,5,26
,505.8811,1372.383,5,26
,1824.415,1372.622,1,26
,519.79,1373.235,5,26
,869.6739,1374.725,5,26
,908.925,1374.95,5,26
,932.7115,1374.596,5,26
,576.5043,1374.091,5,26
,307.5174,1380.279,5,26
,351.826,1376.036,5,26
,537.4627,1378.015,5,26
,813.454,1379.906,5,26
,916.8193,1378.253,5,26
,979.4133,1378.893,5,26
,1520.89,1378.227,0,26
,190.6311,1379.068,5,26
,694.6438,1378.973,5,26
,857.974,1378.617,5,26
,101.9787,1381.681,5,26
,498.2388,1380.731,5,26
,956.2366,1382.032,5,26
,1324.673,1381.908,3,26
,164.418,1382.08,5,26
,247.6061,1383.717,5,26
,269.2763,1382.768,5,26
,451.3721,1382.066,5,26
,151.4731,1385.011,5,26
,613.7857,1385.767,5,26
,372.0706,1385.529,5,26
,407.4396,1385.615,5,26
,932.0309,1387.196,5,26
,89.83178,1386.822,5,26
,343.3963,1387.424,5,26
,629.0391,1387.932,5,26
,796.7594,1388.609,5,26
,118.8852,1389.549,5,26
,1837.536,1388.964,1,26
,978.7042,1390.465,5,26
,332.6104,1391.13,5,26
,660.6116,1392.562,5,26
,206.1034,1394.414,5,26
,449.1654,1394.071,5,26
,602.4923,1393.785,5,26
,690.0698,1394.721,5,26
,392.9322,1396.475,5,26
,647.6579,1395.589,5,26
,705.2449,1396.714,5,26
,62.75728,1397.194,5,26
,146.5211,1397.246,5,26
,772.8542,1396.708,5,26
,811.9059,1397.247,5,26
,182.1988,1400.807,5,26
,822.9295,1397.942,5,26
,80.96739,1398.565,5,26
,525.2143,1399.236,5,26
,420.9423,1399.846,5,26
,572.3443,1400.41,5,26
,582.2328,1400.19,5,26
,159.1869,1401.491,5,26
,858.4231,1401.754,5,26
,375.0423,1401.628,5,26
,501.0573,1402.515,5,26
,595.5588,1401.392,5,26
,898.2028,1402.644,5,26
,949.5143,1403.071,5,26
,273.1055,1402.721,5,26
,513.1395,1402.884,5,26
,609.5809,1403.294,5,26
,136.875,1403.984,5,26
,805.1237,1404.412,5,26
,307.9761,1404.215,5,26
,411.9314,1404.76,5,26
,792.5935,1405.194,5,26
,923.9659,1407.17,5,26
,941.0714,1406.161,5,26
,627.9066,1407.233,5,26
,675.3596,1406.868,5,26
,544.5052,1407.854,5,26
,986.1627,1407.527,5,26
,492.3008,1409.82,5,26
,334.4337,1409.849,5,26
,873.8983,1410.008,5,26
,726.8333,1410.938,5,26
,953.3855,1411.096,5,26
,346.7901,1413.914,5,26
,403.2149,1414.43,5,26
,576.3041,1413.466,5,26
,684.2537,1413.94,5,26
,802.4257,1414.228,5,26
,1838.475,1415.107,0,26
,164.1087,1415.63,5,26
,865.069,1415.287,5,26
,184.381,1417.214,5,26
,281.9877,1415.568,5,26
,777.2851,1416.643,5,26
,620.8475,1417.576,5,26
,753.8485,1418.98,5,26
,250.2926,1419.186,5,26
,451.5167,1419.855,5,26
,931.1598,1419.861,5,26
,1757.652,1420.258,6,26
,119.7791,1423.884,5,26
,128.4368,1423.839,5,26
,380.7876,1422.394,5,26
,500.8082,1423.822,5,26
,534.1831,1422.844,5,26
,717.6715,1423.044,5,26
,805.623,1423.541,5,26
,837.6809,1422.447,5,26
,856.9519,1422.556,5,26
,608.6784,1423.141,5,26
,1950.458,1424.048,1,26
,487.5321,1425.0,5,26
,265.5253,1426.328,5,26
,303.2371,1425.113,5,26
,391.1518,1426.906,5,26
,434.1,1427.608,5,26
,574.0211,1425.663,5,26
,657.4845,1427.609,5,26
,702.5648,1426.954,5,26
,412.1754,1428.205,5,26
,202.3545,1428.644,5,26
,944.9098,1430.82,5,26
,332.4851,1430.47,5,26
,282.2857,1432.048,5,26
,564.5882,1431.632,5,26
,220.4915,1432.864,5,26
,2006.333,1433.913,1,26
,303.75,1435.91,5,26
,316.2269,1432.963,5,26
,354.2683,1435.667,5,26
,790.7778,1434.778,5,26
,514.3617,1436.287,5,26
,597.0759,1434.722,5,26
,118.988,1436.88,5,26
,478.8689,1437.131,5,26
,135.8882,1438.876,5,26
,694.2857,1437.571,5,26
,888.837,1438.478,5,26
,822.34,1438.71,5,26
,982.3263,1438.979,5,26
,150.0606,1439.803,5,26
,230.3277,1439.819,5,26
,277.6517,1439.978,5,26
,742.4478,1440.433,5,26
,845.6907,1439.336,5,26
,258.7014,1441.213,5,26
,419.0316,1440.326,5,26
,604.9069,1441.824,5,26
,802.625,1441.0,5,26
,626.4703,1442.105,5,26
,370.7233,1443.17,5,26
,504.9019,1443.0,5,26
,656.5,1442.5,5,26
,340.4121,1443.691,5,26
,704.8053,1444.425,5,26
,921.0708,1444.858,5,26
,159.7491,1445.841,5,26
,768.2623,1445.23,5,26
,491.2814,1445.489,5,26
,869.3929,1445.728,5,26
,2003.444,1446.278,1,26
,191.5785,1446.686,5,26
,243.5598,1447.461,5,26
,532.4721,1445.32,5,26
,674.7674,1447.686,5,26
,174.125,1449.802,5,26
,584.1919,1447.909,5,26
,935.76,1448.76,5,26
,1882.466,1448.966,0,26
,547.1724,1450.264,5,26
,956.7731,1450.193,5,26
,343.8807,1454.239,5,26
,398.8889,1453.943,5,26
,851.961,1452.701,5,26
,1000.594,1453.447,0,26
,199.875,1454.398,5,26
,567.0588,1454.706,5,26
,985.4545,1453.727,1,26
,133.9398,1455.03,5,26
,449.2524,1455.068,5,26
,609.2941,1454.706,5,26
,784.0616,1455.26,5,26
,328.743,1456.559,5,26
,629.9506,1456.038,5,26
,1889.565,1455.838,0,26
,224.6438,1457.144,5,26
,309.6092,1457.516,5,26
,768.971,1456.014,5,26
,756.1712,1458.205,5,26
,464.547,1460.983,5,26
,797.9495,1457.475,5,26
,871.867,1460.573,5,26
,210.4638,1461.382,5,26
,667.425,1462.0,5,26
,28.46479,1463.155,5,26
,181.5369,1462.614,5,26
,250.3696,1463.121,5,26
,689.8247,1464.162,5,26
,744.1244,1465.394,5,26
,456.2391,1466.007,5,26
,890.6452,1466.185,5,26
,142.7667,1467.048,5,26
,612.9515,1466.497,5,26
,625.6548,1467.426,5,26
,572.871,1467.527,5,26
,158.7335,1467.0,5,26
,526.7273,1469.833,5,26
,597.0274,1467.171,5,26
,83.119,1470.121,5,26
,765.3333,1471.062,5,26
,266.6245,1471.037,5,26
,473.3889,1472.13,5,26
,914.0316,1471.998,5,26
,132.4,1473.0,5,26
,774.2167,1474.567,5,26
,444.4783,1474.213,5,26
,754.8,1474.843,5,26
,871.6755,1475.479,5,26
,172.6923,1475.851,5,26
,337.7867,1476.993,5,26
,241.9005,1476.723,5,26
,287.3104,1476.91,5,26
,256.0866,1477.535,5,26
,728.0943,1478.651,5,26
,467.0698,1478.047,5,26
,578.4,1478.671,5,26
,849.0152,1479.636,5,26
,205.6796,1480.227,5,26
,232.0738,1480.32,5,26
,634.4578,1479.855,5,26
,952.8169,1480.693,1,26
,781.7209,1480.93,5,26
,531.5506,1483.061,5,26
,615.7671,1483.329,5,26
,118.0581,1483.355,5,26
,827.0758,1483.365,5,26
,138.9113,1483.911,5,26
,934.0,1484.275,5,26
,683.8039,1485.0,4,26
,763.5769,1485.231,5,26
,714.9186,1486.256,5,26
,864.2727,1487.273,5,26
,755.0128,1487.846,5,26
,884.9848,1489.606,5,26
,68.31579,1488.757,5,26
,630.1034,1492.736,5,26
,188.8993,1491.874,5,26
,565.4218,1491.735,5,26
,915.7143,1491.897,5,26
,813.378,1493.171,5,26
,847.8795,1493.831,5,26
,152.1943,1493.427,5,26
,243.1958,1494.217,5,26
,549.1985,1493.687,5,26
,613.2296,1495.899,5,26
,540.5059,1495.541,5,26
,598.927,1495.81,5,26
,677.9268,1496.561,4,26
,741.0682,1498.955,5,26
,76.48848,1500.848,5,26
,461.6931,1498.846,5,26
,667.1923,1500.144,4,26
,128.4791,1500.334,5,26
,588.9886,1501.989,5,26
,894.69,1499.637,5,26
,955.625,1501.331,1,26
,858.0205,1503.477,5,26
,193.913,1504.217,5,26
,252.7407,1503.398,1,26
,732.5503,1504.63,5,26
,937.9074,1505.796,5,26
,522.0563,1507.465,5,26
,610.1835,1506.982,5,26
,875.1364,1507.402,5,26
,1911.209,1507.0,1,26
,684.9245,1509.849,4,26
,848.198,1509.238,5,26
,229.6131,1511.606,1,26
,271.9808,1513.747,1,26
,659.2231,1513.496,4,26
,750.7008,1514.092,5,26
,783.5373,1513.776,5,26
,836.8484,1514.418,5,26
,218.0,1515.346,1,26
,589.2174,1515.658,5,26
,870.5101,1521.044,5,26
,929.0148,1520.453,1,26
,74.91014,1525.307,5,26
,564.9722,1521.306,5,26
,793.3197,1524.002,5,26
,225.2083,1522.708,0,26
,735.1193,1522.651,5,26
,1905.673,1525.571,1,26
,601.8544,1527.532,5,26
,1031.754,1525.031,0,26
,652.6065,1528.239,4,26
,746.3007,1529.972,5,26
,690.8907,1532.368,4,26
,53.11538,1534.372,5,26
,756.9733,1536.05,5,26
,612.1515,1537.788,4,26
,836.0127,1538.761,5,26
,123.3315,1541.725,0,26
,867.7925,1538.909,5,26
,724.0275,1543.711,4,26
,1846.391,1542.768,1,26
,654.431,1545.155,4,26
,855.9223,1546.508,5,26
,768.6421,1544.609,5,26
,146.8373,1550.696,0,26
,699.3043,1550.587,4,26
,801.8232,1555.017,1,26
,1855.412,1556.084,1,26
,1801.698,1557.06,0,26
,848.7203,1557.503,1,26
,604.3665,1558.294,0,26
,127.1533,1562.361,0,26
,790.9521,1561.027,0,26
,838.4143,1562.505,1,26
,1873.741,1565.833,1,26
,807.4441,1566.991,1,26
,681.4365,1570.951,0,26
,948.3464,1570.823,0,26
,1787.25,1570.341,0,26
,1901.729,1570.859,1,26
,587.2136,1573.68,0,26
,850.3148,1576.037,0,26
,1866.623,1581.82,1,26
,936.5,1584.5,0,26
,600.8536,1583.918,0,26
,863.8208,1584.601,0,26
,88.31818,1583.682,0,26
,1896.548,1581.85,1,26
,847.6766,1591.15,0,26
,943.8088,1594.784,0,26
,1163.667,1597.879,3,26
,596.988,1598.9,0,26
,1864.436,1599.493,1,26
,1888.149,1600.996,1,26
,835.5392,1601.716,0,26
,116.8369,1604.383,0,26
,746.0612,1603.361,0,26
,617.7843,1605.745,0,26
,1917.705,1608.193,1,26
,1903.216,1612.216,1,26
,1924.294,1617.394,1,26
,528.186,1623.254,0,26
,1923.78,1629.251,1,26
,1129.581,1630.753,0,26
,1910.482,1639.643,1,26
,1088.881,1641.388,0,26
,1076.458,1643.761,0,26
,1936.725,1642.345,1,26
,1892.815,1636.62,1,26
,716.2763,1648.684,0,26
,1908.23,1663.956,1,26
,1931.94,1665.555,1,26
,1950.628,1678.462,1,26
,153.4583,1682.632,0,26
,405.4328,1683.463,0,26
,1984.576,1683.017,1,26
,1495.714,1688.929,0,26
,1917.533,1696.391,1,26
,1946.84,1700.5,1,26
,640.7082,1706.799,0,26
,1982.295,1711.638,1,26
,1920.134,1714.957,1,26
,1146.703,1715.522,0,26
,1130.667,1716.373,0,26
,1937.129,1719.353,1,26
,421.3132,1731.06,0,26
,1784.198,1739.365,0,26
,1972.898,1743.454,1,26
,1891.609,1743.913,0,26
,1958.295,1743.749,1,26
,1763.146,1749.256,0,26
,1984.265,1755.834,1,26
,1123.129,1762.358,0,26
,1567.5,1762.12,0,26
,1053.153,1767.08,0,26
,1024.004,1781.513,0,26
,1169.901,1786.756,0,26
,1995.755,1787.358,1,26
,779.9071,1790.773,0,26
,1045.128,1800.819,0,26
,1727.781,1806.914,0,26
,1948.694,1820.928,1,26
,766.8224,1833.645,0,26
,436.1024,1838.89,0,26
,522.225,1842.068,0,26
,1998.208,1848.168,1,26
,1903.203,1846.386,1,26
,2013.276,1847.752,1,26
,23.95,1849.529,0,26
,795.9659,1851.663,0,26
,749.9474,1857.684,0,26
,666.1299,1858.708,0,26
,1913.453,1861.358,1,26
,22.28358,1861.463,0,26
,941.6799,1862.221,0,26
,805.6101,1877.638,0,26
,1236.528,1874.533,0,26
,1498.407,1878.847,0,26
,1936.2,1879.1,1,26
,122.7882,1880.2,0,26
,1927.308,1889.519,1,26
,1970.848,1890.424,1,26
,1912.327,1904.289,1,26
,765.2936,1907.427,0,26
,474.3333,1914.212,0,26
,1465.228,1916.749,0,26
,22.86571,1920.283,0,26
,165.8764,1924.287,0,26
,1969.773,1926.082,1,26
,769.1927,1926.255,0,26
,29.50588,1935.282,0,26
,471.6703,1934.976,0,26
,1133.91,1937.473,0,26
,1862.942,1938.066,0,26
,1461.447,1941.211,0,26
,1958.086,1939.942,1,26
,306.4147,1946.402,0,26
,1870.912,1947.781,0,26
,154.4326,1948.071,0,26
,36.19804,1953.846,0,26
,213.0049,1954.709,0,26
,1953.178,1954.218,1,26
,977.102,1967.015,0,26
,258.8026,1968.446,0,26
,1428.52,1969.766,0,26
,125.8,1975.85,0,26
,306.1957,1981.011,0,26
,886.9915,1981.214,0,26
,849.3527,1984.016,0,26
,1968.581,1988.077,1,26
,1949.642,1987.744,1,26
,86.03261,1991.761,0,26
,533.0627,1995.606,0,26
,1202.563,1995.0,0,26
,320.2878,1995.061,0,26
,289.4434,1997.009,0,26
,899.3494,1997.316,0,26
,1944.259,2005.151,1,26
,1889.947,2008.118,0,26
,1913.616,2008.021,1,26
,1733.841,2011.534,0,26
,641.1829,2012.984,0,26
,698.9286,2013.439,0,26
,849.0888,2016.948,0,26
,1919.096,2017.509,1,26
,57.96394,2019.524,0,26
,550.621,2017.536,0,26
,1494.604,2021.872,0,26
,1910.512,2023.061,1,26
,706.2222,2024.503,0,26
,1238.095,2022.467,0,26
,479.975,2024.188,0,26
,1854.312,2032.44,0,26
,1894.414,2034.103,0,26
,336.0851,2039.84,0,26
,795.4574,2042.707,0,26
,847.7565,2043.322,0,26
