cellLabelInImage,X,Y,cluster,patient_id
,718.7088013,6.112280846,24,5
,1747.781982,718.8875122,24,5
,1667.868042,869.6337891,24,5
,1529.67395,880.5286255,24,5
,1326.869019,1021.169006,24,5
,1236.136963,1064.147949,24,5
,1012.0,1221.31604,24,5
,1017.0,1242.853027,24,5
,709.0264893,227.1201935,17,5
,1958.876953,352.8048096,7,5
,690.2327881,582.6680908,7,5
,1703.60498,813.6881714,17,5
,1004.39502,861.2365723,7,5
,1521.592041,866.0789185,8,5
,806.1234741,1059.531006,7,5
,333.9700012,1680.310059,17,5
,319.9873962,1736.01001,7,5
,165.4396057,1977.31897,7,5
,439.0364075,56.66514969,7,5
,1941.930054,62.69958878,8,5
,1950.01001,82.47367859,7,5
,1886.727051,88.27272797,7,5
,445.8882141,106.1352997,7,5
,1805.832031,120.5658035,7,5
,227.3264008,141.1840057,10,5
,139.7377014,147.8524933,10,5
,1933.963989,156.4485016,8,5
,130.8854065,185.3854065,7,5
,153.8468933,186.822998,17,5
,1890.277954,198.7145996,8,5
,447.90979,217.3233032,10,5
,1825.162964,248.0639954,7,5
,330.4625854,247.9385986,10,5
,351.1531067,249.0574036,7,5
,1837.363037,264.1445007,23,5
,588.6937256,271.9729919,7,5
,1916.047974,288.7713928,10,5
,237.7106934,291.7869873,23,5
,317.9354858,296.3977966,7,5
,1829.095947,302.9451904,8,5
,1993.130981,303.7550964,8,5
,1787.016968,309.6282043,8,5
,403.1055908,327.6102905,10,5
,1775.375977,337.6734924,24,5
,1979.655029,345.2605896,8,5
,1786.185059,356.5828857,8,5
,2012.930054,361.4938049,8,5
,285.8519897,370.9867859,7,5
,1751.265015,375.1868896,10,5
,1843.072021,381.5643921,10,5
,1966.003052,383.9205933,8,5
,290.8156128,388.8363037,7,5
,1987.552979,393.4318848,8,5
,1780.489014,394.7846069,8,5
,538.4302979,397.880188,7,5
,1755.493042,400.7416992,10,5
,1957.241943,403.7737122,8,5
,1955.845947,419.7370911,8,5
,461.297699,423.3525085,7,5
,831.7235718,421.2296143,7,5
,1981.82605,427.1895142,7,5
,229.3699036,446.0744934,7,5
,538.8665771,445.2654114,7,5
,1760.70105,444.3728943,10,5
,2030.579956,448.3735962,23,5
,488.5255127,456.8635864,7,5
,1958.984985,460.3515015,8,5
,2017.682983,467.5624084,8,5
,1716.725952,471.0163879,23,5
,1815.303955,479.6040955,8,5
,204.7353058,480.2298889,10,5
,1525.437012,486.8212891,8,5
,683.0281982,495.7033997,7,5
,1864.526978,494.8987122,10,5
,1824.515991,500.7630005,23,5
,1686.915039,509.8063049,10,5
,238.4232025,511.1253967,7,5
,1848.136963,512.2171021,7,5
,215.1156006,522.5952759,7,5
,616.875,519.4185181,17,5
,233.222702,526.203125,7,5
,672.9462891,526.5413818,10,5
,1684.838013,528.9749756,10,5
,1586.319946,531.8300171,7,5
,597.8494263,532.6699219,7,5
,1803.567017,532.6342163,8,5
,1648.737061,539.6195068,10,5
,1381.96106,546.9016724,7,5
,1762.105957,549.4281006,8,5
,723.5496216,556.1552124,7,5
,625.6489868,584.8330078,7,5
,111.8094025,590.1104126,7,5
,1463.930054,595.1343994,7,5
,682.8245239,599.8203735,7,5
,255.214798,623.1962891,7,5
,744.833313,636.7373047,8,5
,1697.357056,649.8048706,10,5
,694.8657837,658.4505005,7,5
,101.3779984,661.7401733,7,5
,1956.881958,663.8319092,7,5
,711.5819092,674.598999,7,5
,91.4397583,703.2067871,7,5
,818.9215698,724.8851929,8,5
,1529.563965,739.3118896,23,5
,869.0266724,770.1467285,7,5
,1582.338989,776.3502197,7,5
,1104.35498,781.270874,7,5
,1449.062988,784.6572876,10,5
,1454.895996,819.5059204,7,5
,705.7172241,820.8237915,7,5
,1795.505005,828.0385742,17,5
,1661.863037,828.6853027,10,5
,1512.984985,831.5236816,8,5
,694.2824097,834.1787109,7,5
,677.9970093,844.6383057,7,5
,1508.009033,851.0061035,8,5
,1766.099976,853.2587891,10,5
,1482.161987,863.4960938,17,5
,1615.843018,874.7575073,10,5
,988.8717041,883.90271,7,5
,1536.484009,895.0126953,24,5
,888.744812,910.4517212,10,5
,1724.064941,922.0325928,17,5
,1407.776978,925.4793091,10,5
,1739.369995,929.3859863,8,5
,643.8408203,947.5924072,7,5
,1638.796997,948.2341919,10,5
,1823.189941,961.0415039,10,5
,1561.063965,961.6918945,10,5
,1261.874023,971.9473877,7,5
,634.6055908,972.1306152,7,5
,1574.019043,973.6524048,10,5
,55.64310837,979.0635986,7,5
,1195.131958,980.631897,10,5
,1418.401001,983.2659302,10,5
,998.5100098,1001.539978,10,5
,1574.714966,1000.338989,8,5
,1422.31604,1001.685974,10,5
,1549.453003,1010.728027,8,5
,591.3577271,1029.744995,7,5
,1309.376953,1034.958984,24,5
,1276.600952,1038.845947,10,5
,574.4793091,1054.902954,7,5
,1383.68103,1055.402954,17,5
,1460.880005,1055.890991,8,5
,1429.046997,1056.953003,17,5
,1155.639038,1087.490967,13,5
,1147.942993,1104.128052,10,5
,650.3884277,1125.156982,7,5
,625.5128174,1180.287964,7,5
,1067.956055,1189.350952,23,5
,559.545105,1198.735962,7,5
,1103.449951,1220.964966,7,5
,998.9974976,1234.553955,24,5
,1101.250977,1240.535034,7,5
,1050.276001,1268.166016,7,5
,316.6477051,1277.0,7,5
,1017.322998,1304.487061,10,5
,193.5706024,1307.718018,7,5
,951.432373,1315.803955,7,5
,916.0161133,1318.80603,7,5
,312.2094116,1320.140015,7,5
,929.338501,1322.730957,10,5
,1002.864014,1339.838013,7,5
,628.8696289,1352.717041,7,5
,1018.372986,1355.626953,7,5
,80.15133667,1373.72998,10,5
,403.0134888,1385.948975,19,5
,918.6013794,1391.016968,10,5
,782.5303955,1417.833984,10,5
,820.1246948,1433.519043,10,5
,769.432373,1443.787964,19,5
,790.8314819,1445.009033,17,5
,747.980896,1447.645996,10,5
,756.1638184,1467.206055,7,5
,680.3994751,1483.870972,7,5
,176.771698,1515.696045,10,5
,161.8894958,1519.147949,10,5
,2037.037964,1528.975952,13,5
,749.6489868,1571.988037,7,5
,766.6486206,1575.44104,7,5
,729.7055054,1596.088013,7,5
,1927.80896,1609.957031,19,5
,1977.766968,1618.206055,23,5
,730.6531982,1623.262939,7,5
,1953.561035,1624.130981,8,5
,2000.21106,1630.172974,7,5
,1964.390991,1643.357056,23,5
,259.6044922,1678.503052,7,5
,184.0104065,1687.723022,7,5
,1897.218994,1693.572998,10,5
,333.9638977,1696.692993,17,5
,614.5247803,1697.593018,7,5
,248.9111023,1699.010986,7,5
,670.8469849,1704.578979,7,5
,673.0844727,1718.718018,8,5
,213.1994019,1728.360962,7,5
,658.6447144,1728.859009,17,5
,304.2641907,1742.859985,7,5
,223.0,1765.232056,7,5
,241.7411957,1886.720947,8,5
,212.8298035,1911.44397,7,5
,182.5260925,2034.009033,7,5
,581.3024292,28.31428909,19,5
,1918.520996,28.5247097,8,5
,1959.713013,28.18700981,7,5
,561.9647217,32.77177811,17,5
,422.5285034,40.83890152,7,5
,1842.677002,41.74599838,8,5
,1900.077026,44.1121788,8,5
,537.2750854,48.12751007,1,5
,384.2868042,49.81618118,1,5
,762.520874,54.85063934,25,5
,1756.057007,55.7028389,3,5
,1886.374023,69.50366974,8,5
,1797.511963,71.06285095,1,5
,388.767395,77.37159729,1,5
,883.9199829,94.84799957,3,5
,672.6762695,101.8183975,1,5
,828.9957886,106.2024994,25,5
,879.897583,118.9180984,17,5
,418.9742126,127.7474976,17,5
,1923.031982,130.4172974,1,5
,1986.692017,138.1226959,10,5
,161.6119995,139.0502014,7,5
,666.5336914,143.9783936,1,5
,1920.293945,147.9313965,10,5
,2038.723022,153.8426056,17,5
,1874.45105,154.2346039,1,5
,142.7781982,165.3988037,1,5
,1873.116943,170.4414063,1,5
,178.4550934,189.0699005,17,5
,709.0957031,198.4530945,23,5
,1677.86499,199.2478027,3,5
,13.50975037,205.6125031,17,5
,649.6395264,204.396698,1,5
,1908.800049,211.0717926,19,5
,33.12987137,222.3312073,17,5
,1883.437988,227.5652008,19,5
,291.2999878,231.2454987,1,5
,180.236496,236.4801025,17,5
,1875.946045,246.1493988,19,5
,1895.203979,243.8088074,1,5
,708.9818726,252.0950012,7,5
,1874.828979,265.8109131,19,5
,1731.442017,276.0282898,17,5
,1113.014038,280.611908,3,5
,1798.949951,282.0979919,8,5
,1768.640991,285.2842102,1,5
,361.7927856,285.0100098,1,5
,422.3821106,288.178894,1,5
,793.2667236,298.1733093,1,5
,1756.921997,304.0852966,9,5
,1927.328003,308.4049988,17,5
,1592.307983,314.0472107,3,5
,832.730896,318.2973022,9,5
,185.3162994,320.0917969,7,5
,335.3544006,323.7267151,1,5
,230.0180054,329.6990051,1,5
,306.4093933,331.1455994,7,5
,1795.86499,340.1803894,8,5
,640.1016235,341.7691956,19,5
,495.7952881,347.7018127,19,5
,376.0219116,347.8360901,1,5
,1734.030029,351.5834961,1,5
,73.24585724,354.8507996,1,5
,385.1224976,355.2107849,1,5
,95.29012299,369.9526978,17,5
,479.2286072,372.4464111,1,5
,625.8895264,373.7992859,1,5
,310.6944885,376.9309082,7,5
,205.5166016,378.8674927,1,5
,1678.598022,378.9397888,9,5
,316.2654114,400.7124939,1,5
,575.8270874,399.7286072,17,5
,1797.927979,414.6394958,19,5
,181.2312927,416.9627075,1,5
,249.1094055,415.346405,17,5
,399.9229126,424.1594849,1,5
,313.3288879,426.7887878,1,5
,1678.652954,426.5302124,1,5
,1878.279053,427.8265991,1,5
,13.87798977,428.6854858,3,5
,1699.161987,428.4645996,17,5
,194.7467957,433.5823059,9,5
,1650.026001,435.8814087,1,5
,1573.624023,437.9476013,17,5
,343.8456116,439.8970947,7,5
,263.5202942,447.2294006,17,5
,1617.676025,447.836792,1,5
,636.838501,457.5837097,10,5
,499.8161011,470.7533875,1,5
,1486.060059,480.9733887,8,5
,1312.896973,485.7676086,3,5
,129.7339935,486.4335022,1,5
,634.4282227,486.7980957,1,5
,1974.118042,492.8666992,1,5
,146.5325928,495.3551025,19,5
,723.1209106,496.0385132,1,5
,1771.475952,494.7764893,1,5
,1755.238037,499.0932922,7,5
,2041.13501,498.4401855,1,5
,210.7949982,503.1242065,7,5
,465.0849915,503.7992859,1,5
,1664.228027,504.8497925,19,5
,192.383194,507.0570984,7,5
,645.449707,509.98349,1,5
,1360.030029,517.0789185,25,5
,1752.577026,518.3881226,1,5
,474.9487,521.6635132,17,5
,1995.180054,523.0200195,1,5
,716.0488281,533.6069946,7,5
,1087.655029,538.2675781,25,5
,1982.151001,546.3853149,1,5
,1875.878052,547.9663696,10,5
,653.930603,564.069397,1,5
,1636.000977,566.2581177,22,5
,657.6220093,574.7637939,1,5
,869.6223145,581.0518799,3,5
,479.9655151,592.0466919,3,5
,603.0020142,599.8048096,17,5
,870.1115723,610.6931763,25,5
,615.4136963,613.6743164,17,5
,1562.927979,615.0111084,1,5
,599.0985718,618.8944092,1,5
,2040.296021,622.4807129,1,5
,816.5557861,631.2937012,8,5
,608.0424805,630.9846191,1,5
,509.6140137,633.1842041,25,5
,1714.712036,634.3599243,1,5
,271.1538086,635.3322144,25,5
,1375.286011,644.1326904,1,5
,1713.369019,654.6705933,8,5
,209.9627075,667.1312256,3,5
,847.4963989,693.0070801,8,5
,863.3875122,703.6052246,1,5
,1624.844971,703.6364136,22,5
,1520.478027,703.7921143,1,5
,904.7890015,708.5780029,19,5
,716.5723267,725.0880737,17,5
,1819.042969,728.666687,1,5
,876.5593262,728.1795044,13,5
,148.0124969,754.8828125,1,5
,991.6762695,767.8781128,3,5
,676.7241211,773.5930176,17,5
,50.76721954,774.4050293,1,5
,903.006897,776.7971802,1,5
,1660.246948,800.8513184,1,5
,1623.062988,812.9790039,8,5
,676.772583,822.8214722,17,5
,992.5219116,832.2719116,1,5
,1053.909058,840.2199097,1,5
,1630.260986,846.2246094,9,5
,1786.639038,845.902771,1,5
,858.9893799,850.0557251,19,5
,1744.852051,861.689209,17,5
,1707.25,865.3098755,1,5
,1692.687012,876.8483276,17,5
,1997.916992,880.197876,3,5
,543.4221802,882.2271729,25,5
,684.7459717,882.8015747,1,5
,1795.657959,891.3074951,1,5
,1402.689941,895.5648804,9,5
,2012.769043,898.8416138,3,5
,1419.090942,899.2727051,1,5
,686.2717285,902.2872925,1,5
,1644.41394,905.3928833,1,5
,1593.686035,925.6594238,1,5
,1872.477051,929.6079712,3,5
,1635.258057,929.7442017,24,5
,697.1931763,949.2869263,1,5
,1433.209961,955.243103,1,5
,506.9595032,956.2180786,17,5
,1587.5,959.2587891,1,5
,1433.665039,969.5067139,19,5
,961.4564819,970.09552,1,5
,1717.807983,997.4500122,1,5
,617.7883911,995.1536865,17,5
,1262.629028,1001.14502,1,5
,1293.291992,1039.083984,1,5
,601.9216919,1041.82605,10,5
,128.2610931,1041.938965,3,5
,810.333313,1047.279053,1,5
,475.2008057,1048.612061,3,5
,1757.41394,1053.508057,19,5
,1410.875,1060.890015,17,5
,1740.089966,1064.504028,19,5
,1175.469971,1069.707031,19,5
,558.539917,1071.754028,17,5
,1587.519043,1072.578979,19,5
,540.0748291,1076.977051,10,5
,1391.525024,1076.900024,17,5
,1329.781006,1080.812988,1,5
,1407.348022,1082.25,17,5
,2000.946045,1083.57605,17,5
,1500.702026,1082.745972,9,5
,509.4632874,1088.380981,1,5
,1517.609009,1090.154053,1,5
,1495.448975,1099.833008,1,5
,1715.254028,1101.458984,19,5
,60.98688889,1104.249023,1,5
,1201.527954,1105.404053,1,5
,1218.312012,1107.92395,1,5
,1045.524048,1112.26001,1,5
,1301.264038,1115.464966,9,5
,1312.666992,1122.630005,9,5
,1110.562012,1123.597046,1,5
,1019.169983,1126.069946,1,5
,574.3200073,1139.473999,5,5
,1147.625,1144.572021,19,5
,1264.496948,1161.435059,3,5
,1188.204956,1179.571045,17,5
,720.0198975,1182.228027,1,5
,412.9277039,1185.687012,1,5
,973.2078857,1187.590942,17,5
,1002.052002,1189.140015,1,5
,1145.968994,1205.583984,1,5
,1640.420044,1217.593018,17,5
,1073.598022,1219.769043,1,5
,1087.850952,1230.166992,7,5
,509.6343079,1246.151001,17,5
,1552.927979,1245.312988,3,5
,939.036377,1252.29895,1,5
,1684.600952,1254.02002,3,5
,1936.78894,1256.48999,3,5
,1884.473999,1260.412964,19,5
,906.0090942,1266.436035,1,5
,1082.110962,1273.55603,1,5
,1036.765015,1273.192993,1,5
,381.4943848,1273.567017,1,5
,397.6516113,1277.599976,1,5
,289.8962097,1288.469971,17,5
,896.7340088,1290.535034,19,5
,404.1505127,1290.415039,1,5
,935.1177979,1290.666016,23,5
,2019.396973,1293.996948,3,5
,1984.652954,1302.196045,3,5
,887.5349121,1309.779053,19,5
,273.4143066,1312.598999,17,5
,43.47222137,1320.536987,1,5
,78.88152313,1322.83606,1,5
,57.03279114,1328.074951,1,5
,1194.781006,1329.530029,17,5
,203.2451019,1332.329956,1,5
,76.55721283,1348.026001,1,5
,95.2456131,1363.631958,1,5
,964.0393066,1369.100952,19,5
,45.50746155,1381.459961,1,5
,940.1989136,1380.359009,1,5
,775.0195923,1384.55896,1,5
,72.89325714,1389.581055,1,5
,95.90287018,1390.390991,1,5
,805.1384888,1389.738037,1,5
,388.1824951,1394.631958,17,5
,758.4505005,1404.67395,1,5
,1942.774048,1425.588989,3,5
,2043.296997,1426.671997,17,5
,448.1903076,1437.215942,19,5
,888.1627197,1437.43103,1,5
,209.3457031,1438.911011,1,5
,905.4262695,1445.755005,17,5
,2033.848999,1448.178955,19,5
,861.6010742,1454.322998,17,5
,15.13798046,1460.025024,19,5
,775.4033203,1470.422974,10,5
,2031.746948,1474.098022,17,5
,340.4090881,1477.991943,1,5
,822.9766846,1478.912964,17,5
,1967.756958,1484.634033,17,5
,1039.310059,1485.838013,17,5
,744.0280762,1488.746948,7,5
,21.47826004,1490.256958,1,5
,1824.748047,1490.384033,3,5
,1042.5,1502.060059,17,5
,1984.822998,1501.894043,1,5
,2041.251953,1503.720947,1,5
,279.4831848,1504.214966,1,5
,146.033905,1504.88501,10,5
,560.7550049,1512.746948,1,5
,698.666687,1516.546997,1,5
,403.8980103,1525.48999,19,5
,391.2218018,1526.171997,19,5
,543.4569702,1526.130981,1,5
,1937.120972,1529.012939,7,5
,1875.232056,1531.196045,17,5
,807.4689941,1534.083008,1,5
,2007.01001,1537.394043,1,5
,888.5402832,1538.032959,17,5
,361.7085876,1544.222046,1,5
,1193.911987,1546.828003,17,5
,60.64134979,1549.387939,3,5
,790.6223755,1549.702026,1,5
,1944.323975,1551.265015,7,5
,1960.77002,1551.147949,17,5
,818.8687134,1551.276978,3,5
,119.5701981,1555.81604,1,5
,1921.30603,1555.437988,19,5
,382.2127991,1567.0,1,5
,1900.369995,1568.563965,17,5
,791.458313,1572.77002,9,5
,283.2329102,1578.677979,1,5
,609.3582153,1578.609009,19,5
,210.1295929,1585.610962,1,5
,260.8865051,1586.954956,1,5
,1890.703003,1586.249023,17,5
,27.75971985,1610.468018,3,5
,309.6164856,1609.629028,17,5
,709.2114258,1607.965942,17,5
,259.0079956,1610.307007,1,5
,365.019989,1615.839966,10,5
,1904.219971,1615.833984,7,5
,936.4851074,1618.678955,1,5
,300.7632141,1625.755981,17,5
,589.5568848,1628.480957,1,5
,1893.102051,1631.496948,25,5
,632.3845825,1633.620972,1,5
,701.4248047,1634.572021,1,5
,372.8875122,1638.525024,1,5
,341.6238098,1640.31897,10,5
,677.0999756,1638.694946,17,5
,1983.958008,1644.728027,7,5
,272.8635864,1651.635986,1,5
,1932.050049,1650.786987,9,5
,385.4285889,1651.838989,1,5
,287.3059998,1653.31897,10,5
,625.7089233,1654.046997,17,5
,371.8482971,1657.239014,7,5
,1814.204956,1657.949951,25,5
,694.512085,1662.02002,17,5
,607.5822144,1665.625,1,5
,631.2487183,1673.599976,17,5
,316.6860046,1676.128052,23,5
,1611.921997,1676.810059,17,5
,2008.428955,1682.354004,7,5
,321.4137878,1698.0,1,5
,309.0393982,1701.63501,19,5
,1936.817993,1698.569946,17,5
,1981.595947,1703.067017,25,5
,291.8110962,1704.314941,17,5
,2042.19397,1710.368042,19,5
,323.6176147,1714.767944,7,5
,1617.739014,1715.254028,19,5
,277.9978943,1718.134033,1,5
,340.3648987,1718.97998,7,5
,632.5673828,1721.206055,7,5
,544.3549194,1724.259033,1,5
,1837.139038,1724.810059,19,5
,300.4012146,1728.334961,17,5
,1964.509033,1727.802979,17,5
,563.0244141,1731.780029,19,5
,264.903595,1739.109985,1,5
,682.5665894,1739.920044,1,5
,929.546875,1740.822998,17,5
,621.9835815,1750.661011,17,5
,857.0933228,1755.707031,3,5
,239.1522064,1758.17395,17,5
,314.331604,1759.848022,7,5
,251.6725006,1764.964966,1,5
,302.4215088,1766.532959,7,5
,930.6347046,1774.58606,3,5
,282.6209106,1771.770996,1,5
,599.3132935,1767.26001,23,5
,767.4133301,1774.357056,1,5
,678.3466797,1783.652954,1,5
,1787.310059,1783.761963,3,5
,2024.387939,1792.748047,7,5
,314.1498108,1795.136963,1,5
,254.853302,1797.779053,1,5
,1703.70105,1805.208984,3,5
,534.211792,1811.666016,1,5
,584.8964233,1807.562988,19,5
,1795.416016,1816.595947,25,5
,610.9575195,1818.784058,1,5
,283.10849,1825.192017,1,5
,262.8164978,1829.421997,19,5
,599.4763794,1830.338013,1,5
,880.0524902,1829.959961,3,5
,511.0140076,1835.157959,1,5
,1380.616943,1838.947998,1,5
,588.3021851,1843.410034,1,5
,279.4205017,1852.279053,1,5
,204.0131073,1853.395996,1,5
,254.1197052,1853.982056,7,5
,353.1806946,1865.500977,2,5
,815.0136108,1866.917969,3,5
,1382.237061,1866.706055,1,5
,831.0474243,1872.574951,1,5
,285.747406,1907.838989,17,5
,350.7807922,1914.985962,1,5
,1360.061035,1918.448975,1,5
,548.7678833,1922.771973,17,5
,608.328186,1928.343994,1,5
,1993.900024,1938.849976,3,5
,2036.509033,1939.582031,1,5
,507.8858032,1941.860962,9,5
,174.9557953,1968.72998,7,5
,1948.779053,1979.21106,1,5
,1972.972046,1979.709961,3,5
,826.1154175,1981.654053,3,5
,125.2654037,1985.519043,1,5
,183.655899,1994.484009,1,5
,1942.762939,1999.932007,17,5
,253.9161987,2007.677979,22,5
,222.8625946,2003.569946,10,5
,411.458313,2016.312012,1,5
,189.795105,2016.498047,1,5
,384.6763,2025.105957,1,5
,244.0133972,2027.755005,1,5
,441.5083008,2040.959961,1,5
,1956.401978,2043.387939,1,5
,171.6244965,2041.637939,1,5
,675.6693115,17.0026207,11,5
,1768.387939,20.92268944,8,5
,468.8984985,23.14180946,19,5
,400.316803,36.11233902,7,5
,489.0744934,42.87522125,11,5
,508.7814941,43.35490036,19,5
,1865.349976,76.98944855,7,5
,2042.73999,77.9675293,11,5
,2017.258057,85.24482727,10,5
,224.3305969,89.79276276,17,5
,501.9926147,127.1707001,11,5
,1808.605957,139.110199,8,5
,1958.725952,152.5543976,8,5
,547.0718994,163.8144073,11,5
,1981.027954,166.2187042,8,5
,482.5372009,171.8361969,11,5
,1794.057007,171.201004,8,5
,1861.219971,182.9602051,1,5
,2039.994995,181.7678986,17,5
,2001.280029,190.6092072,19,5
,1808.605957,235.6367035,8,5
,1975.916016,237.4862061,8,5
,1792.478027,257.5856934,8,5
,1914.019043,266.4346008,8,5
,1967.119995,264.7477112,8,5
,1139.125,266.0974121,11,5
,317.3457031,268.8147888,9,5
,1888.108032,277.7890015,10,5
,1940.823975,278.0679016,8,5
,1858.155029,281.350708,11,5
,1980.53894,285.693512,8,5
,2020.077026,312.0498047,8,5
,740.2880859,319.8959045,10,5
,764.3903809,335.2670898,11,5
,2016.713989,335.4009094,8,5
,1934.185059,344.6838989,8,5
,1994.118042,347.8071899,8,5
,1811.149048,352.0924072,1,5
,716.3510742,353.4299927,11,5
,742.6491089,354.6419067,11,5
,2035.43396,360.1614075,8,5
,725.3623047,371.6848145,11,5
,1801.621948,384.244812,24,5
,681.8521729,387.8226929,11,5
,1851.015015,396.0812073,9,5
,1734.551025,397.4830933,11,5
,1675.545044,401.325592,9,5
,1770.802979,422.7445068,8,5
,1819.532959,455.1719055,9,5
,2039.895996,460.5595093,8,5
,1539.621948,463.5491028,23,5
,1787.042969,476.7219849,8,5
,752.2167969,479.2727051,11,5
,1999.983032,497.0389099,9,5
,1734.594971,510.2293091,10,5
,1780.833984,512.6781006,8,5
,1917.751953,521.0109253,23,5
,1398.588013,526.8209229,9,5
,2032.932007,540.0,15,5
,1823.416992,541.8709717,8,5
,1920.930054,546.5935059,11,5
,1786.838989,559.4447021,8,5
,1753.187988,574.5847778,8,5
,1296.312012,600.5385742,11,5
,2029.651001,603.9285889,9,5
,1776.847046,607.1771851,8,5
,1483.598022,607.2730713,8,5
,1931.741943,610.9567261,8,5
,1715.672974,613.184082,24,5
,1968.203003,626.7012939,9,5
,1577.610962,645.0169067,10,5
,1994.655029,658.9111938,9,5
,2030.046021,661.4863281,9,5
,2041.692993,669.4802856,11,5
,1570.494019,689.1273804,11,5
,2016.285034,684.2495728,9,5
,1457.613037,694.2003784,13,5
,1831.072021,705.338623,1,5
,1998.109009,711.4213867,11,5
,1545.407959,718.5410767,7,5
,1713.921021,720.685791,8,5
,1848.751953,723.248291,11,5
,1678.692017,725.1062012,8,5
,1992.45105,735.3721924,9,5
,1855.656982,746.4697266,11,5
,1952.18103,759.2755737,17,5
,1534.833008,762.2723999,8,5
,1869.150024,762.4586182,9,5
,1475.465942,766.784729,11,5
,1607.244995,768.4519043,8,5
,1539.844971,776.9564819,8,5
,1488.599976,787.8222046,9,5
,1736.837036,788.0748291,9,5
,1553.334961,792.430603,8,5
,1755.290039,808.6116943,19,5
,1817.168945,813.5112915,23,5
,1617.515991,833.3839111,8,5
,1558.771973,837.6771851,11,5
,1568.062988,861.8344727,11,5
,1825.811035,868.696228,15,5
,1795.69104,868.4005127,23,5
,1627.890991,896.4138794,9,5
,1965.292969,908.4202881,23,5
,1354.010986,916.2053223,11,5
,1106.922974,922.2645264,20,5
,1551.567017,927.5894775,11,5
,1545.511963,952.7261963,11,5
,1724.366943,953.2924805,9,5
,648.9782104,967.0073242,11,5
,1693.604004,974.5397949,9,5
,1589.457031,983.9664917,9,5
,1714.762939,985.2055054,9,5
,1494.487061,999.6917725,11,5
,1521.418945,1004.44397,11,5
,1414.973022,1042.329956,1,5
,1546.154053,1054.535034,9,5
,1310.208984,1085.937012,11,5
,1426.151978,1098.572998,19,5
,1286.39502,1116.376953,1,5
,1097.182007,1155.932007,8,5
,1923.016968,1180.262939,3,5
,1042.078003,1200.616943,10,5
,1118.05603,1228.31604,8,5
,1120.499023,1251.616943,11,5
,84.53794861,1258.771973,7,5
,981.3284912,1293.93396,8,5
,959.6912231,1299.057007,8,5
,805.4630737,1428.603027,9,5
,766.9957275,1498.874023,9,5
,759.9205933,1519.713989,23,5
,1826.629028,1602.672974,3,5
,2036.281982,1609.026978,7,5
,2028.848022,1630.088989,7,5
,1947.89502,1669.468018,7,5
,602.140686,1734.30896,11,5
,1204.807007,1882.630005,11,5
,1933.824951,3.650000095,13,5
,1891.996948,7.454545021,13,5
,1951.025024,6.837500095,13,5
,1865.996948,9.274853706,23,5
,1841.515991,16.07781982,8,5
,1877.547974,38.7460289,19,5
,1927.387939,45.83581924,8,5
,1856.176025,53.02146149,8,5
,1957.514038,57.82543182,8,5
,1975.979004,73.59622192,8,5
,1820.171997,74.46884155,8,5
,1993.16394,82.98113251,10,5
,1848.375,85.65689087,8,5
,1891.035034,104.4571991,7,5
,1870.244019,105.2027969,7,5
,1964.338013,107.9343033,8,5
,1982.885986,108.085701,8,5
,1864.845947,131.4517975,8,5
,1845.396973,132.3815002,8,5
,58.11214828,145.616806,8,5
,2002.305054,152.0267944,8,5
,1899.139038,153.1865997,8,5
,1953.779053,185.8973999,8,5
,1868.267944,209.3300018,8,5
,1778.853027,216.0699005,8,5
,2005.72998,216.478302,10,5
,2043.22998,223.3049927,10,5
,1722.686035,322.2264099,8,5
,1740.343994,324.209198,7,5
,1874.420044,325.0509033,8,5
,1863.870972,351.2637939,13,5
,1768.989014,372.109314,8,5
,1960.722046,439.5621033,8,5
,1896.93396,479.2612915,8,5
,1636.803955,481.4256897,8,5
,1507.04895,494.3468018,7,5
,1906.881958,501.9902039,8,5
,1876.137939,517.8826904,8,5
,1862.58606,540.3972168,7,5
,2039.602051,558.1483154,8,5
,1755.536011,599.3125,10,5
,1733.401001,602.3693848,8,5
,1860.483032,615.3348999,10,5
,1790.968994,630.5858765,10,5
,1815.562012,643.6381836,8,5
,1782.119019,647.7514038,11,5
,1549.062988,664.1445923,7,5
,1705.608032,675.6080933,8,5
,1749.098022,679.9360962,8,5
,1725.889038,686.112915,23,5
,1550.333008,697.1260986,8,5
,1930.624023,703.7072754,8,5
,1796.060059,710.277771,24,5
,1951.057983,713.7891235,11,5
,1905.275024,720.2750244,10,5
,1661.764038,753.538208,11,5
,1713.142944,792.9578857,10,5
,1686.465942,804.9837036,10,5
,1787.420044,809.7269287,19,5
,1551.862061,822.015686,11,5
,1686.780029,825.0733032,10,5
,1595.819946,825.5496826,8,5
,1573.584961,838.7767944,8,5
,1077.452026,844.1547852,13,5
,1590.02002,856.5476074,8,5
,1656.848022,890.3579712,23,5
,1497.348999,1022.302002,8,5
,1489.63501,1041.953003,7,5
,791.5361938,1404.862061,11,5
,1501.134033,1916.036987,8,5
,1569.58606,1992.792969,8,5
,396.9769,202.544,15,5
,238.5116,230.8233,15,5
,261.8674,231.4724,15,5
,680.0349,341.4784,15,5
,2010.376,451.6733,19,5
,1993.742,453.2306,19,5
,2007.537,546.3014,15,5
,2010.083,572.2517,15,5
,1877.621,582.6769,22,5
,1622.256,612.0175,15,5
,821.5733,696.1905,8,5
,857.5387,719.7565,2,5
,1618.434,718.5263,22,5
,1453.544,734.4218,22,5
,1427.674,740.3421,2,5
,1273.283,777.8812,2,5
,1143.636,802.2904,2,5
,1415.467,815.4067,15,5
,1232.278,819.0969,13,5
,1332.797,834.686,2,5
,1227.741,838.8249,2,5
,1822.725,849.9902,15,5
,1179.608,867.9835,2,5
,1146.106,881.7092,2,5
,1611.205,975.2008,15,5
,1137.596,983.8333,2,5
,1161.474,993.8029,15,5
,1143.73,1000.437,13,5
,1257.646,1020.129,15,5
,642.9583,1104.927,2,5
,144.9929,1205.891,15,5
,312.4574,1227.812,15,5
,968.5224,1237.939,15,5
,1046.459,1238.72,15,5
,170.4956,1300.02,15,5
,118.3124,1322.918,15,5
,871.7305,1329.86,15,5
,160.1171,1397.806,15,5
,840.6177,1406.386,15,5
,175.4148,1436.063,15,5
,496.4148,1446.391,15,5
,170.4524,1463.313,15,5
,296.5654,1554.83,15,5
,262.1729,1561.702,15,5
,362.3516,1792.452,15,5
,253.383,1923.167,15,5
,291.1463,1972.171,15,5
,1589.434,4.493421,0,5
,1558.577,23.55268,12,5
,790.9299,26.58969,18,5
,861.6951,28.90405,4,5
,817.1385,38.89725,0,5
,841.2325,51.90096,0,5
,1632.572,60.15339,0,5
,1781.811,60.20347,20,5
,935.1623,68.11404,21,5
,1776.339,73.83486,3,5
,874.9302,77.40698,3,5
,1703.189,97.7541,18,5
,1665.693,115.0849,21,5
,925.5795,117.0367,4,5
,1584.424,125.468,14,5
,788.5111,128.3915,12,5
,1781.061,132.5652,6,5
,790.6137,156.0268,12,5
,1562.715,158.3281,0,5
,1735.572,161.5,0,5
,759.3408,168.267,12,5
,1723.903,171.8828,0,5
,1502.288,184.5843,0,5
,1594.093,197.2635,0,5
,809.855,212.0312,14,5
,1647.527,216.2188,0,5
,760.041,224.5017,9,5
,982.9468,227.1758,21,5
,1619.142,231.941,18,5
,857.1945,234.5969,0,5
,1240.027,264.1435,16,5
,1527.197,261.941,21,5
,1611.825,270.8467,14,5
,1433.621,274.1973,21,5
,1380.708,288.2161,21,5
,1494.186,292.7772,21,5
,1658.517,295.5078,18,5
,1525.176,298.8912,0,5
,1560.908,308.5833,4,5
,1424.19,306.8591,0,5
,1635.009,314.6256,0,5
,1344.32,318.3883,0,5
,1609.882,317.9677,21,5
,1508.298,319.8439,4,5
,1315.924,322.0232,4,5
,1450.076,322.9787,14,5
,1371.944,346.1516,14,5
,1341.443,349.6764,0,5
,1490.858,351.5839,18,5
,880.1415,350.5662,0,5
,1284.74,355.0405,27,5
,951.3662,366.4168,21,5
,1457.596,365.4117,0,5
,1385.306,378.6451,4,5
,882.4357,383.3119,0,5
,1097.123,389.3309,4,5
,994.3932,392.8917,0,5
,1617.846,394.6575,21,5
,1550.321,409.2603,18,5
,1391.457,408.6157,18,5
,1473.754,413.0846,12,5
,1409.188,413.4757,18,5
,1429.438,422.6173,18,5
,1253.513,423.7522,12,5
,1310.347,427.5574,4,5
,1232.772,430.2463,4,5
,1360.669,428.3693,0,5
,931.5696,439.4208,4,5
,1405.578,440.1065,14,5
,1384.011,441.8434,18,5
,1218.062,448.5494,21,5
,1430.915,454.9672,4,5
,42.37717,451.9591,4,5
,848.898,456.6386,3,5
,882.1815,460.3703,3,5
,1061.734,459.8962,4,5
,1325.233,466.2,21,5
,1351.237,470.2513,0,5
,1213.601,472.1437,21,5
,907.7935,475.1215,4,5
,887.7733,487.6843,4,5
,853.1472,494.2682,12,5
,13.3377,501.2639,21,5
,1341.086,501.7581,0,5
,833.2961,500.8573,12,5
,1152.981,506.6862,4,5
,955.279,511.3962,12,5
,1287.797,512.6064,0,5
,1258.548,515.1984,18,5
,972.6369,516.5833,12,5
,989.8683,520.234,0,5
,1195.369,523.0745,4,5
,1112.722,524.0881,18,5
,876.6769,525.6805,0,5
,823.339,534.209,12,5
,1167.631,535.1437,4,5
,1062.392,537.1818,21,5
,299.9433,538.2105,0,5
,1144.403,539.1799,21,5
,513.4433,540.0058,3,5
,936.7854,543.4646,21,5
,890.2483,546.8907,0,5
,905.7578,551.0717,4,5
,1108.688,552.4287,3,5
,1189.866,552.866,4,5
,852.6614,553.6811,3,5
,1006.882,555.7882,21,5
,1141.515,560.5729,12,5
,1027.335,567.9106,0,5
,1189.707,569.668,18,5
,260.6658,573.6528,22,5
,56.20786,577.9214,0,5
,980.1931,579.7388,3,5
,1086.111,577.2215,4,5
,1146.894,584.833,4,5
,1178.036,586.4324,21,5
,1219.431,594.8502,4,5
,835.8069,596.4027,12,5
,239.1183,596.9238,3,5
,930.1832,600.2538,0,5
,1108.085,602.0824,4,5
,1132.88,602.7455,21,5
,1164.259,605.3147,4,5
,1195.229,604.2651,4,5
,993.2677,615.6516,21,5
,57.99461,618.0177,0,5
,917.1155,624.1457,4,5
,1137.482,626.238,18,5
,990.9629,633.3342,0,5
,1010.699,633.861,4,5
,195.676,639.555,4,5
,1087.572,639.0085,12,5
,953.4056,643.368,4,5
,898.3365,644.5735,4,5
,290.6879,648.8266,3,5
,1041.819,652.9097,21,5
,1138.116,653.7962,12,5
,926.4775,657.14,4,5
,974.5336,659.1163,0,5
,54.15672,659.0149,5,5
,852.6561,659.6002,3,5
,479.3732,660.507,4,5
,557.3467,665.34,21,5
,1161.823,664.9989,0,5
,504.8622,667.0272,3,5
,589.0767,669.8837,0,5
,410.5129,670.204,4,5
,1025.189,669.6484,0,5
,957.962,677.6741,18,5
,902.9215,680.9627,0,5
,142.0072,679.7099,0,5
,1138.337,681.8604,0,5
,1104.776,683.6838,0,5
,1080.673,688.493,0,5
,11.79651,692.0988,3,5
,955.0919,696.9203,18,5
,1005.73,697.5584,0,5
,929.2922,696.787,0,5
,1060.798,701.7729,21,5
,1155.309,701.3396,14,5
,457.7778,705.3842,21,5
,587.7682,706.1227,21,5
,975.719,705.6318,0,5
,1088.194,712.7465,0,5
,33.61336,718.9433,3,5
,406.4946,720.336,4,5
,922.2946,725.3605,21,5
,990.4435,729.2824,0,5
,900.8493,727.5652,3,5
,547.8101,729.5919,4,5
,437.7746,740.3962,4,5
,1083.82,745.8363,0,5
,921.4786,748.5423,0,5
,959.4818,752.7083,4,5
,208.3838,767.5246,0,5
,938.695,771.53,0,5
,1025.352,774.1959,0,5
,1054.296,773.4872,18,5
,189.2942,789.0408,4,5
,936.0952,796.6167,3,5
,1286.595,800.8067,2,5
,636.199,802.9424,7,5
,235.0067,818.7333,4,5
,360.2949,839.8687,21,5
,394.235,847.3974,0,5
,1968.052,848.6859,12,5
,544.391,854.6505,4,5
,363.902,861.0215,0,5
,601.2315,863.1284,21,5
,609.7759,892.6058,3,5
,546.41,914.0433,21,5
,423.9186,924.7509,21,5
,602.4755,931.3038,2,5
,1966.566,936.9807,18,5
,369.5,965.0303,21,5
,335.7519,971.9307,4,5
,275.7983,976.8235,4,5
,269.7101,993.0435,4,5
,104.1087,995.9864,0,5
,410.4226,1014.699,4,5
,251.9872,1019.949,21,5
,1993.995,1022.279,18,5
,1970.15,1035.928,12,5
,94.05292,1048.191,10,5
,171.0784,1057.325,21,5
,351.3765,1057.711,4,5
,403.4139,1059.312,4,5
,187.0737,1059.147,4,5
,280.7453,1064.722,0,5
,130.123,1067.053,14,5
,180.0707,1072.46,0,5
,375.4421,1077.392,4,5
,408.9238,1083.838,4,5
,133.2275,1087.337,14,5
,105.8207,1094.375,0,5
,146.2609,1107.112,3,5
,306.1439,1107.277,0,5
,246.8675,1115.272,0,5
,216.2537,1117.328,0,5
,270.2986,1117.384,0,5
,190.0153,1118.077,0,5
,391.8992,1120.68,4,5
,1655.469,1121.816,4,5
,1748.985,1133.27,12,5
,1449.245,1139.811,12,5
,283.1228,1143.427,0,5
,406.9046,1142.884,18,5
,313.9699,1155.941,0,5
,359.4211,1155.0,21,5
,1678.698,1156.712,0,5
,278.7912,1160.112,3,5
,1395.519,1163.628,12,5
,1645.007,1164.078,12,5
,256.9145,1167.214,0,5
,1322.596,1166.558,3,5
,1700.306,1167.722,21,5
,219.7421,1171.755,0,5
,1282.161,1172.142,3,5
,193.5739,1172.113,0,5
,331.4336,1171.322,0,5
,378.559,1177.537,0,5
,1487.359,1178.424,12,5
,1979.761,1182.676,12,5
,1896.507,1186.918,0,5
,333.8111,1193.22,3,5
,1785.846,1196.104,21,5
,247.5177,1195.195,0,5
,311.2904,1198.115,4,5
,1580.009,1204.439,18,5
,1822.035,1206.064,3,5
,1751.633,1207.872,12,5
,2016.484,1212.374,18,5
,1293.539,1212.693,12,5
,1624.487,1213.8,21,5
,1878.794,1216.933,0,5
,1734.565,1230.672,12,5
,1851.682,1230.497,3,5
,1997.281,1235.241,21,5
,2027.728,1239.054,21,5
,1156.837,1239.691,12,5
,1249.917,1244.985,12,5
,1293.446,1259.781,3,5
,1628.034,1269.923,4,5
,1158.86,1270.932,12,5
,1262.081,1268.866,3,5
,1365.325,1280.393,18,5
,1290.729,1281.891,12,5
,1958.288,1290.747,4,5
,1407.214,1292.544,18,5
,1483.048,1301.148,0,5
,1430.799,1303.771,4,5
,1075.267,1302.934,3,5
,1727.421,1302.657,0,5
,1172.465,1306.329,0,5
,1195.873,1312.518,3,5
,1148.172,1321.47,12,5
,1562.436,1331.219,0,5
,1228.014,1340.952,0,5
,2022.178,1340.53,12,5
,1652.617,1343.148,0,5
,1708.08,1345.108,12,5
,1939.497,1353.185,12,5
,1669.07,1354.901,21,5
,1537.616,1356.879,0,5
,1911.825,1357.681,0,5
,1960.843,1357.361,0,5
,1312.762,1360.656,12,5
,1645.559,1360.16,26,5
,1514.041,1364.567,14,5
,2013.124,1368.868,0,5
,1568.468,1377.395,21,5
,1598.157,1396.715,12,5
,1952.412,1397.088,21,5
,1173.025,1401.459,0,5
,1767.103,1406.41,12,5
,1273.527,1413.63,4,5
,104.3162,1418.637,4,5
,1360.8,1420.456,4,5
,42.20755,1424.487,3,5
,1384.816,1429.217,0,5
,1326.984,1430.84,14,5
,1368.741,1439.756,4,5
,1560.356,1437.962,0,5
,90.7484,1438.751,4,5
,147.8231,1441.095,4,5
,1244.489,1443.457,0,5
,922.1593,1457.276,3,5
,1324.373,1457.369,12,5
,1854.723,1464.258,0,5
,1516.268,1468.411,21,5
,1229.273,1473.814,12,5
,1547.672,1477.978,12,5
,1418.391,1480.562,21,5
,1876.883,1478.562,0,5
,1735.658,1483.638,21,5
,902.5667,1488.81,0,5
,1365.893,1488.408,12,5
,938.4326,1493.464,0,5
,1248.745,1494.13,0,5
,1387.438,1493.896,12,5
,1017.567,1504.656,12,5
,1134.967,1499.11,12,5
,1111.165,1505.072,12,5
,1214.684,1506.981,12,5
,1541.693,1509.267,21,5
,1977.746,1514.107,1,5
,1176.399,1520.8,12,5
,1904.162,1525.323,18,5
,1466.971,1526.886,12,5
,1724.471,1529.414,21,5
,1226.297,1532.605,0,5
,842.6249,1537.312,12,5
,1093.503,1547.797,4,5
,1404.362,1547.175,12,5
,1875.542,1549.339,0,5
,1013.99,1563.688,14,5
,1714.787,1565.974,3,5
,63.78852,1579.68,0,5
,866.1269,1577.648,3,5
,1148.838,1578.676,18,5
,1823.914,1584.367,0,5
,1088.959,1588.175,14,5
,11.07245,1587.208,4,5
,1282.423,1596.887,0,5
,1174.322,1601.16,12,5
,106.9266,1602.825,21,5
,959.1455,1609.059,0,5
,976.3731,1608.786,0,5
,70.88042,1614.055,0,5
,104.6201,1618.032,0,5
,1564.931,1623.483,21,5
,1624.508,1625.697,0,5
,1082.53,1638.144,0,5
,1155.527,1646.118,21,5
,1134.976,1652.346,0,5
,1540.451,1653.722,0,5
,1103.385,1660.619,12,5
,1868.367,1660.544,0,5
,964.8727,1664.636,21,5
,714.2903,1673.266,5,5
,1562.127,1674.057,0,5
,1880.974,1675.216,0,5
,1080.818,1681.23,4,5
,1092.608,1692.0,4,5
,1523.365,1693.213,0,5
,1643.87,1693.699,21,5
,779.8846,1711.073,12,5
,1551.587,1708.516,0,5
,865.8265,1739.008,3,5
,795.2735,1738.835,12,5
,1894.969,1745.313,3,5
,1971.527,1754.637,12,5
,1786.028,1756.449,21,5
,793.4968,1764.051,12,5
,1709.911,1766.041,4,5
,59.56534,1770.608,0,5
,1877.676,1770.551,14,5
,716.7509,1782.935,0,5
,98.65909,1788.054,0,5
,168.2984,1793.81,13,5
,1102.733,1794.7,18,5
,1039.257,1804.277,4,5
,148.7992,1809.654,0,5
,1771.058,1812.472,3,5
,1570.469,1814.981,21,5
,906.2588,1824.03,0,5
,1561.787,1842.932,0,5
,97.4818,1844.932,0,5
,685.7687,1855.948,0,5
,1544.718,1855.415,0,5
,749.271,1855.822,0,5
,1531.802,1857.664,0,5
,798.3713,1868.704,0,5
,670.4955,1869.805,3,5
,127.504,1870.639,0,5
,879.1058,1872.901,0,5
,1771.174,1875.809,21,5
,4.587571,1876.548,0,5
,963.7347,1887.034,16,5
,811.5661,1891.071,3,5
,110.3023,1894.069,0,5
,600.7317,1894.38,0,5
,691.0146,1892.981,0,5
,2033.297,1893.404,0,5
,17.41344,1891.525,0,5
,664.5493,1894.235,0,5
,573.9251,1896.84,0,5
,1983.723,1899.081,0,5
,1617.718,1900.899,21,5
,1914.936,1907.526,0,5
,29.67114,1911.094,0,5
,1638.264,1914.047,0,5
,2007.986,1914.75,3,5
,89.70392,1914.698,0,5
,695.3321,1919.016,0,5
,121.2264,1928.358,3,5
,1974.209,1939.434,3,5
,139.0669,1941.026,0,5
,1974.033,1959.542,22,5
,123.1619,1960.361,0,5
,652.9336,1966.365,21,5
,1873.921,1971.634,0,5
,1856.611,1986.461,12,5
,1727.228,1992.433,12,5
,704.0,1995.4,0,5
,137.1818,1999.36,5,5
,1909.492,2015.59,0,5
,554.4705,2014.83,0,5
,141.7721,2019.588,0,5
,157.0833,2022.333,3,5
,1647.496,2022.914,21,5
,143.4939,2033.299,0,5
,1673.736,2038.756,0,5
,1904.421,2040.15,0,5
,321.7878113,30.67042923,8,5
,453.6689148,44.34009171,8,5
,712.2910156,46.09944916,8,5
,1794.803955,48.06158066,8,5
,109.6643982,64.55818176,8,5
,333.9812012,64.73750305,10,5
,1929.156006,84.59567261,8,5
,84.17120361,90.33966827,11,5
,56.35987091,95.42516327,1,5
,2041.172974,98.33705139,11,5
,1828.739014,104.4095993,8,5
,81.43636322,107.7817993,11,5
,39.10060883,114.2651978,13,5
,2008.11499,116.7246017,11,5
,2031.251953,119.9753036,8,5
,481.1343079,134.4279022,11,5
,1824.364014,150.777298,8,5
,217.3854065,162.8878937,8,5
,190.9058075,163.928299,1,5
,259.5783997,166.4179993,8,5
,1840.307983,166.8450012,11,5
,2019.333984,168.7203979,17,5
,63.85134888,182.7516022,11,5
,247.327301,181.8632965,11,5
,229.8314056,187.0216064,11,5
,79.62021637,209.0245972,10,5
,1764.269043,210.6759033,8,5
,2026.397949,211.8795013,8,5
,1775.917969,247.9613037,8,5
,1751.988037,261.2897034,8,5
,374.0711975,269.9345093,10,5
,19.53377914,317.1553955,11,5
,1811.427979,317.8039856,8,5
,1942.401001,318.5639038,8,5
,1703.357056,336.0292969,9,5
,240.139801,354.6748047,11,5
,1970.475952,367.3514099,8,5
,1717.438965,392.5250854,8,5
,1690.723999,397.2626038,8,5
,1728.968994,423.7510986,11,5
,1909.655029,439.2835999,7,5
,1807.366943,440.6516113,13,5
,766.6552734,442.2385864,11,5
,700.0795898,461.5744934,9,5
,673.5458984,464.9552917,8,5
,1506.110962,467.9191895,9,5
,1578.053955,469.0657959,11,5
,1608.582031,470.6452026,8,5
,1689.317017,470.9403992,11,5
,1679.55603,486.1947937,11,5
,2026.623047,485.2922058,11,5
,1956.437012,488.686615,8,5
,1600.656006,495.014801,8,5
,1431.656006,511.3508911,9,5
,1536.44397,519.7595215,11,5
,1501.98999,531.8580933,11,5
,797.5308838,534.7036743,8,5
,1463.692993,541.8640747,11,5
,209.0050964,549.8973999,11,5
,1530.657959,563.5408936,11,5
,1939.803955,564.4763794,19,5
,1843.112061,569.8436279,8,5
,1967.505005,574.7686768,11,5
,1491.496948,578.4511108,11,5
,1445.753052,583.1340942,11,5
,1563.741943,581.5560303,13,5
,1271.144043,582.8742065,19,5
,794.5440063,589.4121094,8,5
,1515.982056,598.0,11,5
,1385.027954,598.192688,8,5
,1366.831055,598.9656982,8,5
,1548.149048,602.8336792,11,5
,787.5900269,605.9555054,8,5
,1902.478027,605.6914063,13,5
,731.9407959,612.8618164,13,5
,1814.807983,615.6444092,8,5
,1986.880005,627.7166138,11,5
,782.0219727,630.0617065,8,5
,1323.952026,634.3391113,11,5
,797.1010742,644.3499146,13,5
,1295.526978,645.9230957,11,5
,1349.630005,652.4642944,8,5
,1508.562012,653.6757202,11,5
,1899.843994,657.5496826,13,5
,1832.942017,659.3814697,7,5
,1206.47998,670.5822144,8,5
,663.4716797,674.1500854,8,5
,1530.480957,672.78302,11,5
,1451.196045,674.2554932,8,5
,1219.662964,679.4730835,8,5
,1961.071045,687.8026123,11,5
,1881.932007,706.9431763,13,5
,1591.911011,713.6234741,11,5
,1517.192993,720.8895874,13,5
,1497.770996,721.3016968,13,5
,1416.743042,726.3485718,11,5
,1564.865967,727.6292725,8,5
,1774.786011,730.9083862,11,5
,797.6126099,744.6309204,13,5
,819.229126,750.2681885,13,5
,1553.284058,749.1516724,8,5
,1571.573975,751.7393799,8,5
,1751.477051,754.4943237,11,5
,1970.58606,755.9755249,11,5
,1777.522949,758.2791138,8,5
,1583.215942,762.9234009,8,5
,1723.251953,768.6286011,11,5
,1756.202026,770.8989868,11,5
,1935.739014,770.0170288,11,5
,1813.526978,782.5488892,13,5
,1693.956055,782.111084,11,5
,1643.79895,789.4683228,11,5
,1605.012939,793.2407837,8,5
,1898.547974,793.25,11,5
,1571.954956,796.7958984,9,5
,786.7354126,814.7797852,13,5
,1291.198975,816.0980225,13,5
,1526.135986,817.0507813,8,5
,899.1331787,832.9417725,8,5
,740.3546753,839.1831055,13,5
,791.7910156,840.9338989,13,5
,1468.546021,842.5567017,8,5
,1526.224976,845.9326172,8,5
,1545.369995,847.9622803,11,5
,898.9661255,858.6740112,13,5
,1862.488037,868.7672729,9,5
,929.7915039,874.8533936,8,5
,853.722229,875.8461914,11,5
,1585.897949,882.8677979,11,5
,1453.228027,890.9055786,13,5
,988.7880249,897.7119751,7,5
,1513.027954,896.3560181,13,5
,1835.176025,895.2307739,9,5
,952.8171997,906.2374268,10,5
,1435.161011,907.3546143,11,5
,1587.713013,908.3043213,10,5
,1742.125,907.5812988,11,5
,1474.762939,909.3894043,13,5
,1427.718994,928.6986084,11,5
,1526.571045,930.6625977,13,5
,1019.575012,947.397583,13,5
,1667.031006,946.7550049,11,5
,1407.829956,957.4780884,10,5
,856.3897705,963.1864014,13,5
,1181.21106,970.9321289,13,5
,1165.28894,972.5043945,10,5
,1402.095947,978.5303955,10,5
,1487.063965,981.0,11,5
,1654.400024,984.1021118,11,5
,1768.402954,990.5531006,11,5
,1393.593994,990.6925049,19,5
,54.28821182,1005.565979,7,5
,1672.94104,1002.90802,8,5
,1473.925049,1006.48999,10,5
,1630.301025,1011.580017,11,5
,1580.901978,1037.967041,9,5
,848.8125,1057.005005,5,5
,1339.811035,1061.750977,11,5
,1449.072021,1065.045044,11,5
,1474.199951,1075.859009,11,5
,1442.751953,1080.485962,8,5
,1223.302002,1086.696045,11,5
,1370.745972,1117.06897,9,5
,84.8242569,1123.167969,11,5
,889.0064087,1151.077026,13,5
,490.7524109,1154.300049,11,5
,1062.511963,1164.23999,10,5
,945.491272,1174.824951,13,5
,1144.729004,1177.42395,8,5
,1039.232056,1185.744019,10,5
,935.7142944,1203.130981,13,5
,97.16535187,1222.031006,11,5
,476.716095,1223.605957,10,5
,42.47314072,1261.754028,10,5
,444.8240967,1277.465942,11,5
,466.2698059,1281.290039,8,5
,5.873332977,1301.386963,11,5
,970.0795288,1317.787964,9,5
,1027.745972,1321.807983,1,5
,328.0429077,1345.910034,11,5
,283.6278992,1346.677002,10,5
,935.5081177,1349.322021,8,5
,908.5280762,1349.732056,11,5
,834.9423828,1355.739014,11,5
,416.5429993,1370.712036,11,5
,818.7772827,1396.021973,11,5
,582.4777222,1408.103027,17,5
,735.8375244,1436.525024,8,5
,715.5064087,1462.180054,13,5
,429.5025024,1461.374023,13,5
,735.2592773,1465.848022,7,5
,88.41509247,1483.256958,10,5
,846.6386108,1486.894043,1,5
,878.1953125,1485.911011,11,5
,787.9328003,1487.713013,15,5
,342.8241882,1493.139038,11,5
,698.2407227,1500.709961,11,5
,295.635498,1515.598022,1,5
,319.171814,1525.031006,11,5
,256.4031067,1531.704956,10,5
,1980.738037,1539.516968,7,5
,710.1713257,1548.374023,24,5
,372.7302856,1557.668945,13,5
,359.6138,1570.671021,13,5
,745.0999756,1588.620972,7,5
,191.4553986,1643.949951,8,5
,1485.238037,1662.348999,11,5
,664.8881836,1666.186035,19,5
,1499.093018,1685.887939,11,5
,677.4304199,1689.755005,7,5
,228.6334991,1685.11499,1,5
,1450.769043,1705.360962,11,5
,210.7021942,1710.359985,11,5
,1352.654053,1733.629028,11,5
,188.8191986,1737.212036,7,5
,1441.401978,1762.564941,11,5
,1156.859009,1763.293945,1,5
,1433.01001,1785.894043,22,5
,1394.833984,1865.665039,1,5
,201.9718018,1879.635986,7,5
,1450.644043,1878.682007,11,5
,1492.678955,1879.274048,11,5
,1287.996948,1885.897949,11,5
,1375.014038,1885.384033,1,5
,225.4721985,1887.777954,7,5
,1386.381958,1921.197021,1,5
,1474.821045,1953.454956,11,5
,1467.036987,1978.358032,8,5
,1504.629028,1998.952026,11,5
,649.1003,24.72493,11,5
,548.9692,35.92308,20,5
,644.0454,45.96544,2,5
,1459.524,46.52668,6,5
,603.0203,50.73898,2,5
,569.8772,54.5,2,5
,589.6145,77.76872,2,5
,273.9299,81.26119,5,5
,529.6411,78.73522,20,5
,1172.333,89.56831,22,5
,1561.463,89.922,6,5
,239.7814,98.5988,9,5
,650.0158,97.35789,2,5
,610.8766,102.4091,9,5
,1789.506,106.8813,11,5
,589.9929,109.9553,11,5
,280.7092,113.4823,10,5
,8.671605,123.3383,13,5
,374.8133,120.2822,5,5
,1699.697,122.4918,4,5
,558.1298,123.7837,11,5
,653.9696,124.2665,2,5
,626.1003,135.1973,20,5
,696.6882,139.8629,5,5
,321.0591,141.3598,15,5
,991.6161,147.2253,4,5
,355.7447,148.0026,10,5
,569.5831,151.7193,2,5
,523.6773,153.8202,20,5
,710.7808,155.0081,9,5
,681.2369,164.6152,5,5
,297.7544,167.1203,5,5
,1055.695,168.8016,2,5
,1480.351,170.5664,4,5
,408.9917,172.2342,2,5
,275.5976,177.2663,5,5
,380.7262,179.2405,13,5
,261.5829,190.2714,19,5
,288.9435,195.6806,5,5
,727.2075,197.4025,9,5
,500.6351,199.2083,13,5
,593.2284,202.0072,2,5
,241.595,205.3333,15,5
,363.5534,199.4447,13,5
,146.3591,206.4991,5,5
,209.5529,208.4438,15,5
,574.2288,213.3791,20,5
,679.4229,217.3536,20,5
,1048.534,216.7062,4,5
,404.4086,220.6187,2,5
,739.2295,219.8907,9,5
,52.40816,221.0122,9,5
,490.4239,220.4936,15,5
,109.8367,225.7065,23,5
,323.1423,227.448,20,5
,349.302,226.8632,2,5
,76.35922,230.4563,19,5
,484.3189,235.8071,20,5
,726.7787,234.2727,7,5
,693.7168,235.9204,9,5
,463.1505,245.5296,13,5
,304.8689,245.4579,5,5
,1715.962,246.1302,9,5
,62.30387,248.2514,5,5
,212.7572,248.2634,15,5
,544.3822,251.5733,10,5
,786.3147,249.904,9,5
,90.15467,253.1096,17,5
,493.941,251.882,5,5
,13.00149,256.3338,9,5
,171.2642,258.3679,1,5
,447.305,258.4149,5,5
,560.0461,263.6037,2,5
,628.8698,264.59,20,5
,144.3333,265.8343,5,5
,35.0478,266.4914,9,5
,206.6813,267.6889,5,5
,1051.284,268.9859,2,5
,65.31972,271.7678,17,5
,188.0058,274.4854,5,5
,497.5063,280.2354,1,5
,118.3187,280.2308,7,5
,546.0194,280.6549,5,5
,267.3438,282.2188,5,5
,526.0894,282.5872,5,5
,140.0978,283.5489,9,5
,802.1278,286.0511,9,5
,394.2491,290.6377,5,5
,617.2416,289.1461,15,5
,53.67604,289.8757,5,5
,342.8357,291.7643,5,5
,195.4042,293.9771,7,5
,515.2905,295.2116,5,5
,685.8162,302.8317,20,5
,261.6531,296.1988,9,5
,814.812,295.6612,9,5
,134.5068,300.5263,1,5
,409.1529,299.5737,5,5
,496.4107,298.8214,13,5
,165.1452,300.7034,7,5
,97.48061,303.3827,9,5
,297.8661,305.9018,10,5
,211.7719,305.6842,5,5
,794.2191,312.4098,9,5
,485.5128,315.7308,13,5
,524.4272,315.1037,5,5
,437.5186,316.3958,5,5
,149.8145,319.8316,9,5
,1963.32,323.3981,9,5
,479.5524,326.8381,5,5
,63.09402,329.7949,10,5
,364.3389,328.628,5,5
,802.5309,331.0734,9,5
,560.7465,335.2684,13,5
,782.6902,332.816,20,5
,1837.751,334.7514,9,5
,161.6431,335.7974,1,5
,264.9445,337.985,9,5
,329.7457,339.5376,7,5
,470.5019,339.4667,5,5
,590.6877,346.2303,13,5
,151.8088,348.6783,1,5
,786.0639,350.9182,2,5
,414.4144,351.2748,2,5
,184.6313,351.0445,9,5
,449.181,354.979,5,5
,305.2421,353.504,7,5
,332.4504,354.6679,7,5
,463.6322,355.0,5,5
,282.1681,353.298,10,5
,534.0567,359.1064,5,5
,221.608,359.564,9,5
,1919.988,362.4428,23,5
,699.1042,362.5182,15,5
,603.5674,364.3099,5,5
,319.3947,364.6667,5,5
,514.3475,365.7401,5,5
,149.2658,370.8439,5,5
,825.8171,374.1252,9,5
,1865.186,372.5653,9,5
,411.9571,373.8041,7,5
,578.1352,378.8564,13,5
,792.1111,378.053,15,5
,612.5172,381.5805,5,5
,699.6985,387.1103,15,5
,1818.168,388.2519,9,5
,457.4737,387.6974,10,5
,2030.424,390.2136,10,5
,598.0829,393.7306,9,5
,837.9496,395.1871,9,5
,439.9426,395.7623,10,5
,497.9678,395.4167,5,5
,809.6924,396.4807,9,5
,757.186,397.8655,2,5
,201.5284,399.5057,1,5
,422.9869,399.4905,19,5
,464.5614,400.1754,5,5
,2004.85,399.2381,5,5
,612.0273,401.0386,10,5
,382.628,403.4939,2,5
,2033.035,408.9501,24,5
,299.996,409.3871,1,5
,561.9945,409.5746,1,5
,692.1743,410.5918,19,5
,226.368,412.0562,1,5
,511.4902,416.125,1,5
,200.6055,417.1876,1,5
,375.7466,417.1253,5,5
,106.898,419.2245,5,5
,765.7855,418.8909,2,5
,533.4926,421.2444,5,5
,127.811,421.3229,9,5
,742.928,424.179,13,5
,810.2966,423.7593,7,5
,2000.811,424.4007,15,5
,621.3411,424.5704,5,5
,437.4837,426.2652,9,5
,560.8303,426.4792,7,5
,2021.514,428.3652,15,5
,159.436,431.2468,9,5
,1834.18,430.9474,9,5
,241.2441,432.3944,5,5
,705.4062,435.1973,19,5
,478.2128,437.583,10,5
,363.659,437.1734,10,5
,753.3148,439.8086,2,5
,387.7983,441.5533,5,5
,510.4071,441.4291,7,5
,598.2171,442.6047,10,5
,1508.825,443.0913,18,5
,427.5482,445.2696,9,5
,305.1626,451.6748,5,5
,123.7581,451.9758,5,5
,211.8934,452.9975,9,5
,287.4503,454.7173,9,5
,576.8439,454.052,5,5
,655.373,455.953,9,5
,142.5158,455.3401,9,5
,387.2545,456.3784,5,5
,340.2166,460.2807,9,5
,1522.835,460.2409,9,5
,462.0396,460.9946,5,5
,599.1003,460.6391,19,5
,162.9504,463.3294,5,5
,360.6435,466.3403,5,5
,521.5313,467.1732,7,5
,616.0988,467.2889,7,5
,246.6959,472.3203,7,5
,1735.584,467.0593,15,5
,586.2177,473.0457,5,5
,1755.547,473.3118,17,5
,330.4734,476.7013,10,5
,722.4191,479.0436,5,5
,555.3028,480.2497,7,5
,785.3061,481.3351,2,5
,454.9068,483.3093,1,5
,163.5322,485.7695,10,5
,95.88235,488.8603,3,5
,1846.623,486.8835,10,5
,510.3488,489.9388,7,5
,1416.354,490.214,9,5
,799.3329,493.6886,15,5
,473.3721,493.186,7,5
,613.3611,492.4242,10,5
,1704.972,495.0741,10,5
,242.468,493.6636,19,5
,593.1077,497.1818,17,5
,815.6272,501.5553,15,5
,546.9655,502.5345,5,5
,290.6277,505.2979,5,5
,263.3036,505.2861,5,5
,778.1224,504.7694,2,5
,115.8945,508.4322,1,5
,608.5402,507.5134,7,5
,697.7335,506.3703,5,5
,627.355,508.91,17,5
,1400.665,508.788,9,5
,527.9759,510.3012,5,5
,578.5477,515.6813,7,5
,603.0798,520.1223,7,5
,159.9356,520.6871,7,5
,1636.203,524.1114,5,5
,1715.597,522.457,15,5
,1826.328,524.668,10,5
,557.5115,526.4611,10,5
,109.6211,529.3313,1,5
,1894.898,530.6942,10,5
,753.3365,532.925,2,5
,1368.275,533.1366,10,5
,242.9706,537.75,7,5
,546.9512,539.2038,10,5
,634.6425,539.162,1,5
,190.1468,541.2587,8,5
,732.8484,542.5271,10,5
,1419.035,547.2041,15,5
,1728.736,547.8412,8,5
,1441.52,548.9207,15,5
,597.5259,548.9953,19,5
,669.1884,549.9331,7,5
,690.413,552.1739,8,5
,123.2233,553.6084,9,5
,148.4641,554.1332,7,5
,1891.975,555.5019,15,5
,706.4776,557.2776,10,5
,770.2273,558.8788,2,5
,203.3859,561.9129,5,5
,811.62,562.9229,8,5
,1282.216,565.4487,9,5
,1711.872,567.4201,5,5
,1469.253,568.6655,11,5
,1578.771,568.8136,11,5
,1609.859,575.7972,9,5
,601.6633,577.8481,7,5
,728.6725,580.6376,13,5
,156.3129,582.7339,10,5
,747.9112,584.2243,13,5
,140.4625,584.8596,7,5
,1251.308,585.0374,5,5
,1425.407,584.877,2,5
,1687.751,587.9304,15,5
,1977.695,589.9302,11,5
,1626.358,590.7063,15,5
,648.4126,589.3857,9,5
,1890.65,594.2811,13,5
,127.2237,596.8783,10,5
,547.8021,593.5334,6,5
,1573.299,596.9621,1,5
,1245.386,595.9367,2,5
,1409.898,602.7748,2,5
,1994.588,603.049,15,5
,712.1576,611.9432,2,5
,1590.66,612.9813,13,5
,634.267,612.9091,17,5
,1438.604,616.6302,2,5
,139.4318,621.0094,1,5
,1287.203,623.2505,9,5
,175.4364,628.5273,0,5
,1541.518,630.0438,10,5
,704.761,629.5283,13,5
,110.1555,633.5491,1,5
,1866.884,633.491,13,5
,1674.713,636.936,22,5
,699.1039,641.2597,5,5
,633.9354,644.7262,1,5
,1445.066,646.6871,11,5
,77.51266,648.6051,5,5
,1385.319,650.6765,2,5
,770.0961,655.924,9,5
,1528.617,657.5593,15,5
,1432.331,662.8223,19,5
,1370.158,667.968,2,5
,751.3212,666.5736,9,5
,806.9475,671.2141,13,5
,829.2389,671.124,9,5
,1248.18,673.4562,2,5
,682.4631,672.3387,9,5
,1408.272,673.4316,2,5
,1610.831,677.412,15,5
,633.4493,677.5991,5,5
,71.61811,679.693,17,5
,302.6167,678.3084,0,5
,1326.293,681.8665,2,5
,1675.094,683.5116,15,5
,95.59506,682.0889,7,5
,1503.536,686.4372,10,5
,768.4941,687.1542,13,5
,1378.146,687.5056,2,5
,1389.557,691.9292,11,5
,710.1371,692.6411,10,5
,1356.846,692.5822,15,5
,687.6822,694.4,17,5
,672.9906,698.2938,9,5
,645.162,699.2274,8,5
,1293.903,704.3241,5,5
,1316.772,703.4554,2,5
,1643.016,705.258,22,5
,1256.427,703.9567,5,5
,1608.15,705.4317,15,5
,703.74,710.3461,2,5
,1476.733,711.2017,15,5
,684.9844,715.8867,17,5
,72.836,716.7973,5,5
,803.2756,716.7579,2,5
,1335.55,717.2215,20,5
,208.2255,719.951,6,5
,727.1675,719.8173,5,5
,668.1366,721.7619,8,5
,762.3316,719.5939,9,5
,1255.191,721.7978,13,5
,1307.863,722.2446,2,5
,1385.77,721.0739,2,5
,1277.644,723.1012,2,5
,1626.117,732.3881,15,5
,25.39733,735.7867,5,5
,1228.739,734.4098,5,5
,79.91898,742.5006,7,5
,784.6596,743.4043,10,5
,1474.956,742.7149,15,5
,1259.634,744.7176,2,5
,1238.0,746.1241,5,5
,1365.88,745.9182,2,5
,1320.041,747.0227,2,5
,683.7,747.3894,10,5
,712.897,748.9579,15,5
,766.6098,748.9075,9,5
,1276.639,748.4568,2,5
,43.86357,750.1524,5,5
,1179.402,751.0541,2,5
,1220.817,754.4006,5,5
,747.3188,756.2725,13,5
,1129.381,755.0152,9,5
,1439.403,757.4274,22,5
,18.18524,757.3171,5,5
,840.3613,763.0611,2,5
,1362.744,764.3314,2,5
,768.3694,766.9403,5,5
,1303.237,766.4959,2,5
,797.0169,767.8192,5,5
,1165.391,767.2464,2,5
,638.0105,768.6105,5,5
,81.31606,769.5009,10,5
,105.1122,773.2791,7,5
,1322.658,772.705,2,5
,6.512456,775.2918,5,5
,738.443,783.481,13,5
,801.5836,784.8148,7,5
,1348.907,785.2759,13,5
,768.5628,786.4453,5,5
,830.7276,785.0197,5,5
,1148.161,785.9769,2,5
,1873.836,785.8239,15,5
,85.01087,789.0489,1,5
,1217.342,790.32,13,5
,63.75889,791.836,5,5
,1276.449,793.4493,2,5
,727.1624,796.4217,5,5
,750.4436,796.0604,2,5
,858.9528,799.8661,2,5
,1166.733,800.9274,1,5
,1245.433,800.7949,13,5
,78.15544,803.3342,5,5
,1403.109,801.228,22,5
,698.0,804.9784,7,5
,1012.709,804.7505,9,5
,821.8926,806.4904,5,5
,1496.205,807.2991,9,5
,715.206,809.1508,13,5
,837.9184,809.3901,13,5
,1350.037,810.7983,2,5
,112.1273,809.0213,3,5
,733.6481,812.0,2,5
,35.89201,814.04,9,5
,690.4049,814.9939,7,5
,807.0996,816.2522,13,5
,1329.089,816.8792,2,5
,659.5332,816.888,11,5
,1504.535,817.5347,9,5
,1128.238,822.2683,15,5
,858.7949,822.5576,13,5
,1042.92,821.9273,9,5
,635.115,823.6394,7,5
,74.6545,825.3163,5,5
,1248.589,825.4309,2,5
,10.01417,826.6113,9,5
,729.6573,827.0751,13,5
,1347.808,827.6467,2,5
,1026.064,828.5415,9,5
,1308.246,822.6355,13,5
,1403.61,828.7403,15,5
,1431.285,829.5134,15,5
,1387.771,831.4785,2,5
,1209.82,837.118,2,5
,763.4755,841.4286,13,5
,21.94099,841.9068,5,5
,921.8014,842.5,9,5
,1007.287,841.6851,1,5
,808.9652,842.6866,2,5
,1316.275,847.2636,2,5
,1134.285,848.3996,13,5
,61.34861,849.2439,23,5
,635.0865,850.7378,19,5
,1402.899,849.6534,2,5
,968.1993,850.9064,2,5
,38.78788,852.1793,5,5
,1033.686,851.527,2,5
,1331.946,854.0923,2,5
,1646.637,853.7871,10,5
,842.1332,855.0338,13,5
,1111.593,856.3252,5,5
,1150.17,856.8947,13,5
,1886.295,857.2561,9,5
,7.698795,856.6988,5,5
,693.0307,861.0102,10,5
,1199.115,860.0108,2,5
,788.1787,861.8638,13,5
,1048.861,862.4507,9,5
,830.5,864.5263,5,5
,757.6243,864.098,13,5
,1075.825,864.3624,13,5
,1303.959,868.2284,2,5
,775.5298,865.457,13,5
,982.723,866.6702,2,5
,799.744,871.188,10,5
,1026.152,872.8283,10,5
,1400.434,875.1321,20,5
,638.2458,876.162,9,5
,1279.467,876.2892,2,5
,1258.448,879.8215,2,5
,718.0049,879.4428,7,5
,1348.6,880.1938,2,5
,906.4882,883.2196,15,5
,1213.5,888.5,2,5
,729.3664,892.1952,2,5
,1003.123,893.3148,9,5
,1348.109,896.2145,9,5
,836.805,903.9262,2,5
,1272.249,905.2651,20,5
,937.6308,905.8667,5,5
,1236.483,908.2121,15,5
,1292.52,908.2034,13,5
,19.87574,909.5811,5,5
,48.72929,909.8639,5,5
,1819.194,911.1533,9,5
,646.4481,912.9942,1,5
,222.6667,915.2381,6,5
,749.5085,915.4802,13,5
,929.2715,917.5023,5,5
,992.7638,917.9184,13,5
,777.7518,919.9542,13,5
,813.1316,921.3102,13,5
,880.1623,924.7208,15,5
,894.2743,925.4171,5,5
,910.9289,926.4853,2,5
,1833.573,925.1483,9,5
,629.1977,927.0365,9,5
,1046.1,927.2852,13,5
,716.3267,928.7096,2,5
,1133.464,930.8008,5,5
,1169.752,930.1736,2,5
,12.14611,934.2144,5,5
,731.3688,932.7769,2,5
,707.8148,937.9352,20,5
,745.8199,939.1425,2,5
,881.5446,936.7812,2,5
,1206.244,937.4428,15,5
,853.042,938.5199,13,5
,765.4671,939.4145,2,5
,60.92442,941.414,23,5
,1487.189,944.5599,11,5
,994.1695,945.8531,13,5
,1170.887,947.2941,2,5
,898.4548,949.7566,10,5
,1044.706,952.7776,5,5
,1510.317,956.1815,9,5
,748.6513,957.1257,5,5
,874.2452,958.1429,13,5
,55.08617,960.8639,9,5
,983.866,962.9935,13,5
,1325.71,961.8629,2,5
,596.1981,963.7453,1,5
,709.8054,962.7432,2,5
,837.3033,967.0384,13,5
,1148.491,968.313,2,5
,616.7955,970.1941,7,5
,1516.667,970.365,19,5
,1373.688,971.2476,15,5
,1037.608,973.043,2,5
,777.4751,972.6898,2,5
,994.0512,972.2078,13,5
,1233.929,974.0851,20,5
,1309.512,976.8202,2,5
,858.7774,978.229,13,5
,900.1368,976.9267,15,5
,75.98223,976.5913,9,5
,723.0478,979.0392,2,5
,1100.505,979.4137,2,5
,877.9969,980.2736,15,5
,1536.457,980.9254,15,5
,1351.492,983.8318,2,5
,1282.81,984.5376,15,5
,34.91252,987.8854,15,5
,593.6627,990.3169,5,5
,654.6707,992.4805,2,5
,923.0734,992.3616,13,5
,1305.578,993.0025,15,5
,948.2946,994.0904,13,5
,1615.535,996.8005,15,5
,976.2941,997.2676,10,5
,636.8804,997.9746,9,5
,884.8031,998.5855,13,5
,801.6667,1000.217,2,5
,1200.578,1002.416,5,5
,738.1583,1002.642,5,5
,1402.901,1004.877,9,5
,23.36802,1005.075,5,5
,71.45196,1006.74,7,5
,704.6512,1004.545,2,5
,822.0246,1006.439,2,5
,1043.434,1008.24,5,5
,1292.409,1009.375,15,5
,620.8268,1012.524,9,5
,1455.041,1011.581,5,5
,603.88,1013.267,10,5
,715.2875,1013.913,2,5
,1441.344,1015.696,9,5
,946.0255,1019.228,5,5
,799.9206,1018.839,2,5
,990.9072,1021.371,5,5
,1176.265,1019.822,11,5
,694.4867,1023.92,2,5
,653.0728,1021.517,2,5
,33.50896,1027.979,5,5
,1063.042,1029.531,2,5
,1125.093,1031.546,11,5
,1408.68,1031.0,1,5
,1457.15,1034.106,15,5
,1079.565,1037.321,2,5
,1225.356,1037.131,20,5
,1260.38,1036.727,14,5
,65.12397,1038.104,9,5
,619.3415,1039.11,1,5
,738.869,1046.035,5,5
,1141.936,1045.039,13,5
,642.5387,1047.26,13,5
,945.3129,1048.658,5,5
,780.388,1048.505,13,5
,832.5971,1050.005,2,5
,1061.379,1053.063,2,5
,631.162,1053.028,2,5
,45.65409,1056.83,15,5
,18.44045,1061.457,5,5
,1052.187,1058.912,2,5
,1036.877,1062.777,20,5
,77.66914,1063.866,9,5
,539.7864,1062.468,9,5
,926.3355,1062.69,5,5
,1022.008,1065.148,2,5
,1069.178,1065.85,2,5
,786.5498,1070.918,13,5
,823.5679,1070.1,2,5
,634.3724,1073.276,5,5
,704.5775,1075.082,5,5
,767.5677,1076.472,13,5
,936.8383,1084.575,5,5
,69.39274,1084.656,23,5
,721.7832,1084.291,5,5
,821.1004,1086.116,5,5
,976.4027,1087.524,15,5
,1009.566,1088.491,2,5
,666.5238,1089.262,5,5
,795.2521,1092.345,2,5
,785.3314,1094.568,2,5
,830.8049,1098.378,5,5
,891.3219,1103.836,13,5
,543.9508,1104.731,9,5
,631.8903,1105.447,2,5
,720.0412,1106.613,5,5
,5.876712,1108.813,5,5
,95.20533,1108.347,9,5
,982.3716,1108.678,2,5
,605.8046,1112.437,5,5
,1245.345,1111.94,9,5
,778.2079,1114.261,2,5
,686.8952,1115.895,2,5
,22.78437,1116.483,5,5
,620.6355,1116.972,13,5
,1003.077,1117.746,2,5
,636.5833,1118.367,2,5
,1566.337,1119.083,3,5
,495.2568,1124.117,1,5
,977.2357,1125.519,2,5
,118.976,1126.047,9,5
,756.8013,1131.367,2,5
,544.6583,1133.412,13,5
,910.7121,1133.53,5,5
,672.617,1135.202,2,5
,945.7611,1136.177,5,5
,958.8162,1133.146,7,5
,993.3133,1135.067,20,5
,1241.751,1135.418,7,5
,630.5891,1138.054,2,5
,848.1975,1138.435,13,5
,1187.807,1141.443,9,5
,650.6961,1141.813,7,5
,789.7055,1141.753,5,5
,115.8133,1144.749,9,5
,588.7293,1147.29,2,5
,926.9792,1147.062,5,5
,1026.194,1147.288,15,5
,603.2165,1150.237,2,5
,1002.354,1150.316,20,5
,701.2221,1159.182,5,5
,721.901,1159.219,2,5
,854.9538,1161.408,2,5
,629.4987,1161.476,2,5
,648.0374,1161.861,2,5
,804.1759,1163.69,5,5
,991.7568,1162.153,5,5
,758.9824,1162.653,13,5
,905.3636,1161.729,5,5
,611.6729,1164.292,2,5
,118.7395,1169.461,5,5
,417.4392,1171.27,5,5
,476.2233,1172.088,9,5
,162.4458,1174.731,9,5
,509.9394,1175.714,20,5
,704.5333,1174.65,2,5
,1000.605,1176.63,1,5
,87.71171,1179.464,2,5
,672.0261,1179.504,5,5
,860.4553,1179.227,17,5
,646.6657,1181.413,17,5
,737.1122,1182.137,2,5
,462.8523,1187.473,5,5
,518.7903,1190.661,2,5
,754.7285,1197.014,2,5
,112.5631,1195.238,20,5
,838.6786,1195.978,5,5
,206.7867,1198.291,9,5
,884.9661,1201.427,5,5
,450.9933,1202.708,2,5
,369.9686,1204.107,5,5
,778.1484,1205.716,2,5
,615.4419,1203.638,2,5
,543.5032,1208.841,2,5
,499.688,1209.929,5,5
,516.1204,1211.763,13,5
,585.9888,1211.251,2,5
,743.257,1211.771,2,5
,174.7921,1214.705,15,5
,684.6099,1213.247,2,5
,800.6566,1215.191,13,5
,814.6849,1213.39,5,5
,398.4526,1218.886,5,5
,1593.967,1219.377,12,5
,1975.869,1221.994,3,5
,254.7376,1223.126,9,5
,328.3841,1223.859,15,5
,726.5778,1222.764,2,5
,208.8122,1223.797,15,5
,353.014,1223.924,5,5
,842.6731,1222.769,10,5
,535.6667,1224.737,2,5
,751.9309,1227.049,2,5
,522.5601,1229.472,2,5
,777.9502,1229.697,13,5
,578.3341,1232.414,2,5
,152.3107,1235.396,15,5
,603.9157,1235.835,2,5
,691.6081,1236.063,5,5
,370.7199,1237.213,20,5
,401.7102,1238.413,5,5
,353.0778,1241.665,15,5
,641.1174,1240.258,5,5
,243.3881,1243.137,5,5
,1897.222,1245.452,3,5
,135.4403,1245.769,20,5
,756.1275,1246.655,5,5
,473.3852,1250.305,2,5
,2004.804,1250.786,6,5
,661.0475,1250.709,2,5
,903.1577,1249.107,2,5
,376.2585,1253.326,5,5
,576.0,1252.452,2,5
,680.4894,1254.489,13,5
,543.3738,1255.533,2,5
,210.8634,1257.276,5,5
,742.522,1257.29,5,5
,182.0214,1257.96,15,5
,412.2993,1259.21,5,5
,791.8449,1260.042,5,5
,232.8859,1262.188,15,5
,1091.406,1260.484,10,5
,150.2699,1264.235,20,5
,595.8994,1264.079,5,5
,821.5333,1266.115,7,5
,557.2484,1267.314,5,5
,1742.454,1269.442,0,5
,760.9693,1266.841,5,5
,504.3407,1269.479,2,5
,693.7693,1270.739,2,5
,777.7193,1272.112,5,5
,1850.301,1277.201,12,5
,242.1033,1277.179,15,5
,872.5093,1279.88,2,5
,1064.087,1281.368,5,5
,131.5657,1281.534,20,5
,579.7214,1283.412,5,5
,852.4595,1283.05,2,5
,592.6567,1285.253,5,5
,1009.279,1286.1,15,5
,810.5705,1287.242,7,5
,677.4141,1289.202,13,5
,539.2236,1291.029,15,5
,92.28198,1293.626,20,5
,147.2,1296.125,22,5
,344.7685,1299.807,10,5
,124.4538,1300.613,20,5
,833.9233,1300.434,5,5
,520.1286,1301.871,15,5
,782.5974,1302.361,19,5
,648.6634,1302.916,5,5
,591.3878,1305.849,13,5
,663.928,1305.968,5,5
,854.7674,1305.163,2,5
,494.5,1308.887,2,5
,384.4408,1309.3,15,5
,446.9558,1311.771,13,5
,612.8237,1310.303,2,5
,793.1776,1311.86,1,5
,632.8411,1315.477,13,5
,1714.445,1313.624,3,5
,1757.678,1313.169,12,5
,718.1437,1319.287,5,5
,423.3646,1318.254,2,5
,701.9109,1323.187,2,5
,541.3534,1323.394,5,5
,900.7746,1316.464,15,5
,371.2024,1323.488,5,5
,519.476,1325.951,15,5
,843.518,1328.218,2,5
,153.7679,1329.302,20,5
,620.7201,1331.167,13,5
,810.3951,1330.153,20,5
,384.3679,1333.118,1,5
,222.1616,1335.162,5,5
,501.1944,1335.288,15,5
,252.1562,1337.609,9,5
,356.4735,1340.186,5,5
,980.4885,1345.572,9,5
,684.4978,1346.329,2,5
,819.28,1346.343,20,5
,141.3404,1347.662,20,5
,885.5341,1349.054,15,5
,171.9933,1350.512,20,5
,235.358,1352.199,9,5
,523.5849,1352.151,2,5
,484.1029,1353.784,2,5
,435.1663,1354.777,2,5
,255.4332,1356.978,9,5
,543.9167,1358.107,2,5
,508.1477,1358.068,2,5
,663.8895,1362.349,2,5
,868.8577,1362.973,15,5
,815.1993,1365.907,2,5
,463.5207,1367.313,2,5
,447.9155,1367.497,2,5
,754.7032,1368.667,17,5
,631.9805,1372.813,13,5
,174.2359,1372.94,15,5
,676.5478,1372.487,2,5
,892.1575,1375.22,15,5
,719.6955,1375.919,1,5
,595.4471,1376.964,2,5
,853.2657,1377.464,15,5
,653.5541,1377.72,2,5
,311.8571,1381.138,9,5
,461.571,1383.179,2,5
,480.5453,1381.255,2,5
,730.1966,1383.185,5,5
,2040.737,1384.636,5,5
,639.7284,1392.296,11,5
,440.9051,1395.066,2,5
,658.2153,1396.461,2,5
,183.6667,1399.441,5,5
,615.3215,1398.645,2,5
,25.51256,1405.531,9,5
,723.7781,1407.174,2,5
,1823.019,1408.189,0,5
,1851.622,1408.114,18,5
,65.18617,1413.345,3,5
,644.9903,1413.437,2,5
,224.4398,1417.87,20,5
,902.2342,1417.977,9,5
,548.5878,1421.71,2,5
,563.8074,1432.553,2,5
,917.7238,1434.54,9,5
,532.6305,1437.375,2,5
,627.2189,1434.849,5,5
,852.113,1434.985,17,5
,38.95343,1443.551,7,5
,706.5594,1443.158,13,5
,64.24434,1443.542,3,5
,406.9096,1443.362,2,5
,307.3142,1451.606,9,5
,834.3443,1449.855,15,5
,203.2781,1455.132,5,5
,375.3049,1456.575,2,5
,632.8804,1455.022,5,5
,571.463,1456.21,15,5
,85.77232,1462.022,9,5
,220.3967,1464.187,8,5
,793.3217,1464.888,10,5
,294.9712,1467.094,9,5
,395.9848,1466.663,2,5
,522.5377,1466.799,5,5
,189.8903,1468.357,15,5
,665.656,1470.626,1,5
,363.3659,1472.173,2,5
,469.9851,1471.785,5,5
,805.3909,1472.83,15,5
,493.0679,1482.889,2,5
,113.5448,1483.779,9,5
,383.5822,1488.337,2,5
,644.1005,1485.719,2,5
,45.7685,1491.084,9,5
,207.2609,1491.77,19,5
,541.1356,1493.003,2,5
,102.4621,1493.433,10,5
,71.66711,1496.87,9,5
,446.2545,1493.698,5,5
,417.7519,1499.093,5,5
,597.6203,1496.902,2,5
,578.569,1501.489,2,5
,10.86532,1501.929,20,5
,187.8761,1501.91,15,5
,2000.827,1503.799,17,5
,530.189,1513.105,2,5
,358.85,1516.569,2,5
,434.9423,1518.3,5,5
,498.1782,1519.151,2,5
,570.86,1530.709,15,5
,419.0605,1521.911,10,5
,629.0026,1522.962,5,5
,479.4031,1527.945,2,5
,273.6023,1528.371,9,5
,207.8561,1529.095,15,5
,182.5487,1532.696,9,5
,596.776,1532.057,5,5
,443.844,1535.643,5,5
,227.3123,1537.704,9,5
,491.8577,1542.9,2,5
,520.7447,1541.927,2,5
,661.3056,1541.52,9,5
,248.3962,1547.371,10,5
,406.2004,1553.43,1,5
,2022.384,1556.135,15,5
,144.9667,1559.466,7,5
,632.6692,1558.747,9,5
,649.8485,1559.793,9,5
,685.8663,1559.425,5,5
,2040.761,1561.863,20,5
,493.5581,1565.809,13,5
,588.6094,1563.556,5,5
,221.1092,1566.071,5,5
,538.4017,1566.99,5,5
,1475.08,1567.8,6,5
,429.125,1570.214,1,5
,515.5588,1569.909,2,5
,1291.932,1573.525,0,5
,313.5978,1575.041,15,5
,703.6763,1575.931,9,5
,392.893,1576.689,5,5
,1506.932,1583.858,20,5
,166.3074,1585.192,9,5
,650.1052,1585.43,5,5
,2042.866,1585.03,8,5
,498.9142,1587.453,2,5
,2015.763,1586.511,15,5
,435.1344,1588.391,15,5
,585.3154,1597.797,5,5
,1995.938,1590.075,15,5
,526.659,1592.994,5,5
,1912.896,1595.7,8,5
,546.6478,1596.83,2,5
,1516.277,1600.597,20,5
,214.7415,1603.332,7,5
,513.921,1603.237,5,5
,567.9211,1602.728,5,5
,622.3628,1606.906,5,5
,424.7775,1607.763,15,5
,657.5235,1608.362,20,5
,479.8082,1611.515,2,5
,389.0876,1612.382,5,5
,674.7802,1615.521,15,5
,1230.047,1614.647,4,5
,554.0851,1615.879,5,5
,639.8211,1616.366,20,5
,603.7271,1619.856,9,5
,242.4587,1623.163,15,5
,412.3758,1623.813,2,5
,444.2101,1624.121,2,5
,517.7691,1629.143,5,5
,228.209,1629.806,1,5
,481.7488,1629.571,2,5
,533.4688,1635.049,5,5
,564.1439,1634.894,1,5
,1947.545,1637.607,9,5
,580.483,1639.631,1,5
,722.8462,1638.96,10,5
,259.869,1641.69,5,5
,435.9618,1644.971,2,5
,845.5025,1654.054,3,5
,245.6393,1654.162,5,5
,1277.841,1658.941,16,5
,431.808,1659.821,2,5
,537.5658,1660.303,5,5
,1290.907,1664.76,16,5
,584.4751,1668.375,7,5
,501.4124,1669.237,2,5
,457.1093,1677.134,5,5
,394.6918,1682.145,5,5
,375.8675,1691.267,7,5
,695.5453,1691.308,7,5
,432.3861,1693.986,7,5
,506.0065,1693.54,5,5
,483.7477,1695.662,5,5
,568.0948,1696.027,5,5
,550.9463,1704.705,1,5
,358.4176,1709.21,5,5
,454.5331,1711.582,5,5
,407.9258,1712.005,2,5
,684.7007,1714.046,10,5
,372.3583,1721.252,17,5
,470.0806,1723.803,5,5
,401.0,1729.679,5,5
,428.4728,1729.507,5,5
,412.9708,1731.701,5,5
,492.9296,1735.869,2,5
,450.7206,1742.919,2,5
,232.7257,1746.071,17,5
,523.0439,1745.591,5,5
,389.4943,1751.743,5,5
,650.2937,1752.252,1,5
,482.4037,1759.083,2,5
,1478.573,1762.053,3,5
,460.7745,1758.224,23,5
,1052.932,1762.288,0,5
,1554.371,1760.041,6,5
,325.6098,1765.695,5,5
,642.1403,1772.153,9,5
,548.7022,1777.915,1,5
,1023.062,1778.701,0,5
,1504.087,1778.163,3,5
,445.8547,1779.969,2,5
,338.0748,1785.805,5,5
,427.0069,1788.435,2,5
,473.2482,1793.75,5,5
,1532.733,1809.187,0,5
,1503.69,1814.045,0,5
,347.9841,1815.327,20,5
,328.4241,1817.16,5,5
,370.356,1817.403,13,5
,1059.583,1818.928,5,5
,426.7835,1823.749,5,5
,197.3795,1825.973,10,5
,310.2495,1832.201,5,5
,390.9986,1834.072,2,5
,1044.578,1838.745,20,5
,1300.682,1841.755,20,5
,1064.804,1842.822,16,5
,339.2374,1846.662,2,5
,452.0227,1852.984,13,5
,332.7219,1868.477,2,5
,271.0464,1878.006,15,5
,513.4964,1879.754,1,5
,532.7221,1881.039,9,5
,297.3,1885.65,10,5
,1092.642,1887.073,11,5
,546.1092,1895.584,7,5
,255.7251,1895.251,15,5
,474.6483,1896.09,13,5
,339.149,1897.661,2,5
,497.8427,1900.829,15,5
,266.2166,1903.088,15,5
,387.1431,1908.114,5,5
,1109.676,1912.0,16,5
,448.5264,1919.142,19,5
,929.9538,1925.209,2,5
,1079.078,1927.952,20,5
,226.3785,1929.845,10,5
,43.4843,1929.973,20,5
,239.3191,1938.973,10,5
,254.0514,1943.726,22,5
,461.924,1946.652,5,5
,433.3089,1945.241,10,5
,270.8175,1950.296,22,5
,389.6638,1951.686,5,5
,289.3761,1953.421,5,5
,340.6989,1950.693,15,5
,305.4,1958.008,15,5
,372.922,1957.298,2,5
,247.3866,1960.448,15,5
,516.0362,1964.191,9,5
,463.4427,1965.067,9,5
,267.2864,1970.937,22,5
,366.6527,1972.533,5,5
,377.3865,1972.399,5,5
,1806.479,1976.193,3,5
,356.1685,1981.614,2,5
,200.0,1983.808,10,5
,243.4797,1984.07,7,5
,434.1649,1983.742,15,5
,496.2754,1991.616,9,5
,472.5245,1993.636,9,5
,349.6417,1996.842,2,5
,145.3494,2007.59,20,5
,170.0211,2007.042,5,5
,806.1196,2008.728,4,5
,231.5107,2014.131,5,5
,130.3261,2009.928,5,5
,1465.641,2012.083,16,5
,485.0606,2013.761,5,5
,1246.596,2016.47,20,5
,272.9933,2018.22,15,5
,396.0061,2018.691,1,5
,304.6476,2021.312,15,5
,458.0157,2024.719,9,5
,202.1463,2027.624,1,5
,369.4627,2032.833,5,5
,217.4887,2034.466,22,5
,260.2847,2035.775,1,5
,332.056,2039.325,5,5
,483.6586,2039.356,9,5
,208.3237,2042.022,5,5
,284.0411,2039.285,15,5
,1695.572998,546.0106812,22,5
,1679.420044,562.5656738,22,5
,1665.177002,580.940918,22,5
,1647.395996,591.1199951,22,5
,1658.728027,600.5921021,22,5
,1643.249023,612.9935913,22,5
,1653.495972,624.8986816,22,5
,1628.996948,630.1221924,22,5
,1648.019043,648.0845947,22,5
,1629.410034,665.7838745,22,5
,1629.276978,690.1898193,22,5
,1430.349976,774.9598999,22,5
,1701.258057,1004.416016,17,5
,870.2800903,1393.176025,22,5
,253.4096985,1399.73999,22,5
,2042.503052,1463.072998,17,5
,1429.280029,1601.957031,22,5
,1417.235962,1609.31897,22,5
,1313.564941,1889.343994,22,5
,1369.462036,1911.579956,22,5
,1128.765991,1935.530029,22,5
,1524.642944,796.1428833,8,5
,1431.845947,799.4127808,22,5
,1597.793945,1173.10498,22,5
,1597.287964,1191.985962,22,5
,782.4152222,1531.687988,22,5
,769.4783936,1549.331055,22,5
,674.4514771,1586.965942,22,5
,1443.45105,1588.973022,22,5
,1410.875977,1618.178955,22,5
,201.3587952,1686.616943,7,5
,1181.014038,1731.828003,22,5
,1172.831055,1750.281982,22,5
,754.4525146,1753.944946,22,5
,193.9871063,1920.261963,22,5
,1407.988037,1976.504028,22,5
,1897.407959,691.1206055,8,5
,1426.443,5.879747,6,5
,818.6454,7.367347,6,5
,864.3369,7.673797,0,5
,1560.331,7.135977,0,5
,1748.237,11.80297,6,5
,1610.983,14.65419,0,5
,1639.421,14.76084,0,5
,1678.25,15.04956,0,5
,1498.239,15.21393,0,5
,840.2695,16.97644,0,5
,982.3159,22.62309,4,5
,116.0122,25.40904,3,5
,905.7106,20.12111,4,5
,1585.585,32.90799,14,5
,774.5493,38.44789,3,5
,891.8147,44.02634,14,5
,1495.342,40.11488,0,5
,1738.259,40.83306,3,5
,1706.099,44.89143,18,5
,1682.264,44.40134,6,5
,739.7199,53.86761,3,5
,1535.707,50.18961,4,5
,1566.043,54.78893,14,5
,863.4448,55.82703,0,5
,1665.037,61.7515,4,5
,1595.927,68.21773,0,5
,906.7677,72.70426,14,5
,1688.24,78.94578,0,5
,1004.087,77.38696,16,5
,1725.394,74.53286,27,5
,1489.772,80.83301,0,5
,845.5799,84.59286,3,5
,797.8844,85.16243,3,5
,762.0751,89.82082,6,5
,727.861,90.77492,3,5
,1624.888,90.05625,14,5
,1527.074,89.84179,0,5
,1758.933,93.60389,4,5
,1780.337,92.69841,3,5
,943.4353,98.77207,4,5
,1566.314,110.3391,0,5
,1535.741,117.3386,0,5
,1752.643,116.9303,0,5
,1612.084,114.6187,0,5
,984.7733,123.944,0,5
,948.3118,126.3592,4,5
,1513.699,126.3716,14,5
,746.6183,131.2176,6,5
,1655.94,135.5106,18,5
,824.2161,139.1201,12,5
,1702.436,139.8735,18,5
,866.3695,146.3641,6,5
,909.5515,144.1465,3,5
,1532.678,145.9177,4,5
,1615.64,150.7794,18,5
,1759.49,159.9597,3,5
,1776.367,161.6881,3,5
,946.3138,167.3671,3,5
,1652.537,167.171,26,5
,829.6037,169.2052,6,5
,880.3626,173.5015,6,5
,903.4,177.7603,0,5
,785.6116,182.4356,6,5
,1553.235,184.611,4,5
,1001.468,188.7039,4,5
,832.3371,191.9316,6,5
,1286.802,192.5628,16,5
,855.69,190.7666,6,5
,921.8148,197.0739,14,5
,1450.314,197.3198,4,5
,972.2403,199.1452,4,5
,1525.939,203.4347,26,5
,885.2886,205.2937,0,5
,1364.802,209.9054,4,5
,1490.712,212.2457,14,5
,786.0085,214.6281,14,5
,1693.835,220.451,0,5
,1554.667,222.0448,0,5
,1186.623,223.6754,16,5
,1467.015,224.4151,0,5
,1021.761,225.8659,0,5
,826.9034,228.4106,18,5
,1283.525,228.0051,16,5
,1524.364,229.3711,18,5
,908.7622,234.6894,0,5
,1582.753,229.5052,4,5
,1091.305,235.9124,16,5
,950.6906,234.7964,12,5
,1433.91,239.8465,0,5
,431.34,241.5229,5,5
,1651.905,248.2423,4,5
,992.4,248.4516,0,5
,1494.566,248.5191,18,5
,1256.474,250.3947,16,5
,1681.412,251.4964,0,5
,1416.441,255.5061,4,5
,1211.843,261.2205,16,5
,1576.947,260.4863,18,5
,572.4947,265.9263,2,5
,1158.207,265.7513,16,5
,930.1202,267.3751,12,5
,1336.301,269.0602,0,5
,1459.868,270.2765,4,5
,881.5378,273.4161,4,5
,839.0101,277.9774,14,5
,959.1178,277.1542,0,5
,1260.515,279.1125,16,5
,1547.002,277.9287,26,5
,1394.366,279.0758,4,5
,1701.728,279.5949,12,5
,1021.171,283.3714,16,5
,1344.588,288.5142,0,5
,1000.673,292.9325,4,5
,1585.347,290.9893,0,5
,1618.776,294.6774,14,5
,1372.261,298.4869,0,5
,855.078,307.1942,26,5
,970.653,306.103,18,5
,1109.284,311.5303,16,5
,1134.823,315.2426,16,5
,1479.197,315.2092,0,5
,1285.442,319.5887,4,5
,1156.653,322.2177,16,5
,1396.893,323.7377,18,5
,889.345,327.2698,14,5
,932.3871,334.0262,14,5
,1527.321,334.5356,18,5
,1254.083,337.8807,4,5
,1265.048,341.582,4,5
,983.9643,342.9268,0,5
,1665.107,345.1887,18,5
,1174.213,348.1447,16,5
,1090.67,344.9072,16,5
,1572.463,345.9869,3,5
,1420.68,351.2944,14,5
,1243.913,351.0328,4,5
,1626.029,353.3614,0,5
,1598.415,353.1915,4,5
,1532.212,359.0396,18,5
,926.5744,364.4342,0,5
,901.4581,364.3935,12,5
,1322.744,364.1308,26,5
,1004.878,367.8752,4,5
,497.1963,373.274,2,5
,1509.174,371.1224,6,5
,17.64053,380.4206,0,5
,1275.553,382.4933,27,5
,1409.393,381.7761,14,5
,1572.935,386.0381,18,5
,1360.588,384.9693,0,5
,1422.861,389.4422,0,5
,1649.167,385.1896,14,5
,1313.142,390.9087,14,5
,1339.623,399.2509,14,5
,98.21608,395.7186,16,5
,860.8478,398.75,12,5
,1444.971,399.5,12,5
,39.1876,400.0245,14,5
,928.6019,402.8281,4,5
,1267.269,403.9571,4,5
,1011.661,409.3459,12,5
,962.741,412.5415,14,5
,1495.851,412.6659,0,5
,1087.452,412.5323,4,5
,1513.998,415.6969,0,5
,1631.539,420.1011,0,5
,897.3119,424.0868,14,5
,1596.223,422.9116,3,5
,986.84,425.5983,12,5
,865.1511,429.78,6,5
,1206.447,430.2299,12,5
,1277.276,431.3036,4,5
,82.9257,433.0281,14,5
,1530.559,437.9873,0,5
,1467.049,439.5554,14,5
,1488.571,439.7077,18,5
,1005.033,445.1646,12,5
,1204.826,453.5423,0,5
,1133.416,453.4156,4,5
,959.6429,454.0798,4,5
,1310.111,455.3154,4,5
,1178.602,455.734,4,5
,1261.119,456.5341,0,5
,82.02174,459.5749,14,5
,1081.013,457.1133,4,5
,1237.102,456.1299,14,5
,1462.544,464.4757,14,5
,1397.278,468.3253,14,5
,969.162,475.1121,0,5
,1442.979,477.2748,9,5
,1157.255,482.6966,0,5
,1276.566,484.0632,14,5
,1237.716,484.1517,4,5
,1373.964,486.7749,9,5
,49.94337,485.7621,14,5
,1112.397,486.4247,12,5
,1129.026,493.1221,12,5
,1191.67,494.5055,0,5
,929.944,490.689,14,5
,77.75069,506.5576,3,5
,1098.814,504.0113,12,5
,487.8488,503.9352,1,5
,1218.804,506.8102,4,5
,1316.407,511.4708,12,5
,442.5854,513.6866,14,5
,1076.999,512.4003,4,5
,316.8694,521.8312,3,5
,844.713,528.5968,12,5
,1311.199,531.7669,6,5
,1216.155,537.7166,4,5
,1288.184,539.2221,18,5
,380.7829,544.4507,6,5
,474.0498,541.6448,3,5
,71.55285,547.0784,3,5
,326.382,549.7815,6,5
,421.0845,541.6261,6,5
,1257.456,552.7221,4,5
,24.64433,557.7733,0,5
,279.0085,559.4989,0,5
,832.3682,561.6318,3,5
,1069.213,563.858,12,5
,1049.836,566.7807,4,5
,8.094017,569.8775,6,5
,890.1741,568.0165,3,5
,304.2513,572.3782,3,5
,578.7368,572.9557,6,5
,944.0058,574.212,14,5
,1235.312,574.7292,4,5
,404.7533,577.0401,3,5
,465.9054,579.027,3,5
,440.3611,581.0219,6,5
,180.7746,583.4309,6,5
,567.0505,582.375,3,5
,518.2329,585.778,14,5
,905.2641,592.9257,4,5
,585.0682,593.6856,17,5
,315.8748,595.2409,6,5
,1006.641,595.3702,12,5
,343.1646,597.5741,3,5
,15.62449,594.7469,14,5
,1053.015,595.6328,4,5
,267.9939,601.6468,3,5
,377.684,606.9703,3,5
,956.7037,602.1204,4,5
,208.3074,604.2644,14,5
,407.91,603.3075,3,5
,288.6945,606.6834,6,5
,165.7401,607.6079,3,5
,503.1742,610.0585,3,5
,1073.454,612.48,18,5
,475.4528,617.8693,3,5
,891.8846,621.5232,3,5
,1041.967,627.1845,18,5
,335.8707,625.7896,0,5
,25.36705,637.9474,6,5
,361.6059,631.0543,4,5
,437.6592,639.3813,4,5
,838.7858,634.432,4,5
,405.3799,637.5755,0,5
,1185.139,639.8739,3,5
,237.6864,638.4221,3,5
,316.9183,642.6203,4,5
,597.9301,645.7684,3,5
,1111.262,649.5093,18,5
,157.6255,649.9335,0,5
,534.7314,654.6097,3,5
,879.5101,654.0372,4,5
,381.4066,658.1349,4,5
,997.17,657.5523,0,5
,235.3722,666.985,4,5
,1065.943,663.1476,14,5
,25.48791,678.0571,6,5
,872.445,682.6971,12,5
,440.0156,682.5577,14,5
,241.1652,687.8201,0,5
,268.0176,688.2334,14,5
,2040.404,689.8107,11,5
,554.2659,692.0024,0,5
,43.80395,692.5329,3,5
,380.6112,696.0795,4,5
,602.884,694.2394,4,5
,210.6747,699.9025,4,5
,340.4311,698.9874,14,5
,529.9606,701.5354,0,5
,423.8378,705.6845,4,5
,620.8462,704.7222,4,5
,882.8844,706.2062,3,5
,1123.804,709.0514,14,5
,1036.035,710.8996,0,5
,298.3875,710.5059,4,5
,489.7915,715.4017,0,5
,1102.79,713.12,18,5
,638.4459,717.482,3,5
,230.4092,724.781,0,5
,609.0612,726.0857,6,5
,324.5885,729.6425,6,5
,1145.712,728.881,3,5
,2035.745,728.8784,3,5
,130.3222,734.7904,3,5
,504.4062,737.9622,3,5
,461.0473,741.1697,0,5
,1107.245,741.4692,4,5
,2008.78,740.9751,6,5
,302.1422,745.3858,6,5
,1033.737,742.6853,4,5
,594.0623,746.9337,3,5
,517.1319,752.4638,3,5
,227.192,753.5798,4,5
,536.5718,760.2184,3,5
,624.2703,758.7297,6,5
,335.0819,759.4881,6,5
,490.511,756.8364,18,5
,286.5558,765.1996,12,5
,2025.172,765.4437,3,5
,418.0803,772.651,4,5
,605.1297,773.1643,18,5
,920.8775,771.4007,3,5
,562.5469,774.9095,18,5
,1082.3,775.7872,12,5
,1982.96,775.9273,14,5
,375.4302,780.629,14,5
,957.749,778.7593,14,5
,450.177,782.7367,4,5
,161.6061,786.4233,3,5
,315.6611,788.0045,4,5
,580.0219,790.3567,14,5
,209.2092,790.5652,4,5
,977.1775,795.1829,18,5
,529.1144,794.0075,0,5
,283.246,799.2848,4,5
,2004.265,796.9588,6,5
,598.3742,801.6219,6,5
,434.2468,804.4551,4,5
,222.5944,806.3662,14,5
,143.4445,810.6842,4,5
,378.4457,810.6467,0,5
,259.5294,813.9338,4,5
,551.4937,814.1288,0,5
,2035.389,813.5752,3,5
,962.4045,814.6891,13,5
,359.3929,817.131,0,5
,341.5997,817.6031,0,5
,506.0451,818.4455,4,5
,1967.651,820.265,3,5
,1990.96,821.1551,3,5
,608.0754,827.8844,6,5
,310.8918,828.1517,4,5
,202.3615,831.7786,4,5
,413.2813,831.9164,14,5
,581.1788,835.3173,0,5
,245.3737,837.8421,4,5
,173.146,835.0017,3,5
,429.2628,840.8846,4,5
,1993.491,846.7977,12,5
,280.9614,846.5286,0,5
,95.17509,850.0374,6,5
,1935.06,858.3266,14,5
,2035.819,861.2336,0,5
,500.9297,868.375,21,5
,124.5456,871.2111,4,5
,226.9533,875.8114,4,5
,190.5011,877.2449,0,5
,419.0016,880.92,4,5
,160.2398,887.3887,4,5
,366.4453,879.5765,0,5
,569.7992,879.6362,6,5
,1904.633,885.5061,18,5
,65.93162,886.1199,3,5
,460.5392,888.8318,4,5
,510.1656,893.9523,14,5
,327.5289,896.4862,0,5
,589.0201,897.0824,4,5
,367.9616,901.9506,0,5
,114.6926,905.1027,6,5
,855.7205,910.435,2,5
,1886.285,910.7664,3,5
,194.3063,914.9286,12,5
,1990.974,914.6119,3,5
,1924.646,912.24,6,5
,86.38509,919.7143,6,5
,305.1856,921.2983,4,5
,573.8633,919.6262,4,5
,2033.63,919.498,3,5
,350.7062,924.2694,0,5
,390.5058,930.6882,0,5
,483.0287,930.3856,14,5
,1932.621,937.5734,3,5
,521.9294,935.5674,14,5
,1857.959,942.2853,6,5
,329.793,940.4061,0,5
,375.8352,944.3408,0,5
,1896.161,942.8192,12,5
,288.4723,941.3127,4,5
,559.6043,945.0749,18,5
,185.5867,948.024,14,5
,584.3096,949.195,3,5
,98.61986,948.4877,0,5
,1993.901,952.3824,12,5
,305.5493,958.4615,4,5
,285.0353,960.6902,4,5
,2036.366,958.7704,3,5
,1947.015,960.3895,3,5
,421.7425,961.6766,4,5
,576.0446,965.6952,6,5
,485.4907,967.9947,3,5
,1920.174,965.9266,0,5
,452.6744,972.1808,4,5
,517.9677,974.4659,0,5
,132.5169,979.8776,14,5
,1847.406,976.5081,18,5
,168.3176,978.4677,0,5
,1892.414,979.8024,6,5
,213.8177,982.07,0,5
,249.2254,979.8732,4,5
,568.7616,987.4271,6,5
,1983.297,990.7539,12,5
,1808.926,995.3792,12,5
,467.6895,997.4214,14,5
,500.3583,995.6273,14,5
,524.1658,997.927,4,5
,354.0074,999.4581,4,5
,1923.625,1002.815,26,5
,445.535,1001.041,14,5
,385.177,1001.745,4,5
,301.4415,1002.612,4,5
,1757.735,1005.785,18,5
,2031.555,1007.343,4,5
,557.0017,1010.088,6,5
,1953.377,1014.308,6,5
,1107.836,1017.186,13,5
,152.7413,1016.9,0,5
,1821.124,1019.607,4,5
,101.6395,1019.608,14,5
,1849.38,1019.61,3,5
,213.9764,1020.886,4,5
,278.3951,1021.479,0,5
,665.1606,1021.904,2,5
,489.6211,1025.053,6,5
,1755.718,1025.996,18,5
,1915.392,1026.547,3,5
,1092.382,1026.424,13,5
,1706.381,1028.714,12,5
,189.2983,1029.282,14,5
,1239.938,1028.309,13,5
,378.0524,1031.304,4,5
,451.5836,1030.834,14,5
,168.5097,1031.829,0,5
,323.2456,1038.413,4,5
,1733.55,1033.108,18,5
,524.3909,1032.24,6,5
,207.7134,1035.543,0,5
,1787.215,1036.037,6,5
,542.1506,1029.68,1,5
,1679.276,1040.384,12,5
,278.8742,1041.656,21,5
,296.9729,1050.859,0,5
,1699.611,1050.486,12,5
,1942.602,1048.63,6,5
,1889.264,1052.537,6,5
,254.9699,1055.477,21,5
,512.3656,1056.08,6,5
,450.2239,1055.627,3,5
,1834.743,1055.297,6,5
,1992.608,1057.608,18,5
,1915.877,1058.451,18,5
,1968.552,1066.623,18,5
,212.431,1070.047,0,5
,1864.283,1075.055,6,5
,433.839,1074.155,3,5
,1674.157,1074.319,18,5
,234.7825,1076.437,4,5
,1941.095,1076.98,6,5
,157.8286,1078.642,0,5
,192.2667,1077.752,21,5
,319.0407,1077.228,0,5
,1898.917,1081.363,6,5
,2035.578,1081.594,14,5
,1787.817,1083.169,6,5
,1761.183,1083.153,3,5
,286.1547,1088.479,21,5
,206.5217,1088.225,14,5
,1648.671,1091.455,6,5
,1624.949,1089.286,3,5
,180.5863,1094.029,0,5
,1828.777,1096.422,14,5
,486.7772,1100.425,3,5
,1956.984,1104.442,14,5
,128.3347,1106.04,3,5
,435.9229,1101.773,6,5
,1543.187,1105.431,18,5
,1738.259,1104.038,3,5
,461.3551,1107.956,14,5
,1917.866,1111.789,6,5
,2043.39,1112.678,6,5
,1794.85,1113.564,6,5
,339.3742,1109.618,4,5
,1593.797,1118.34,18,5
,369.7265,1119.264,4,5
,1882.451,1119.256,0,5
,1621.431,1126.758,14,5
,1712.678,1127.413,12,5
,148.9787,1125.947,6,5
,1265.801,1130.158,3,5
,436.8497,1129.106,6,5
,1474.312,1127.404,12,5
,1063.376,1125.242,2,5
,1685.18,1133.634,18,5
,1424.921,1134.198,12,5
,1838.209,1132.582,18,5
,1525.162,1135.28,4,5
,1942.974,1135.579,12,5
,1798.296,1137.926,0,5
,237.0156,1138.421,0,5
,2008.988,1139.184,18,5
,255.5317,1144.261,0,5
,461.4232,1144.16,9,5
,431.9287,1149.946,6,5
,1771.381,1147.086,6,5
,1911.778,1149.614,6,5
,1498.423,1153.375,4,5
,1568.713,1153.098,14,5
,1883.549,1152.976,6,5
,1978.498,1159.449,12,5
,1345.591,1166.0,27,5
,1948.495,1169.56,6,5
,437.401,1170.181,9,5
,1825.011,1169.927,6,5
,1515.912,1172.684,6,5
,1860.093,1165.971,6,5
,1546.164,1174.223,12,5
,1446.824,1175.012,0,5
,1464.668,1177.729,14,5
,1366.797,1180.732,12,5
,281.9011,1181.432,3,5
,1577.659,1181.976,18,5
,1227.182,1188.455,18,5
,1668.39,1185.631,6,5
,1642.664,1195.137,6,5
,1857.514,1195.912,14,5
,2039.302,1196.901,12,5
,1719.485,1199.257,4,5
,983.3013,1199.699,20,5
,1336.436,1199.747,27,5
,1004.755,1203.182,9,5
,1536.32,1200.263,3,5
,1687.777,1199.182,4,5
,1935.018,1205.185,3,5
,1196.15,1206.081,0,5
,1464.629,1211.658,4,5
,1401.854,1214.058,18,5
,1511.557,1212.641,12,5
,986.9825,1217.618,5,5
,1901.317,1218.487,0,5
,1774.854,1225.276,6,5
,1948.065,1226.458,3,5
,1493.234,1225.83,18,5
,2042.241,1228.21,0,5
,1370.057,1236.871,4,5
,1909.48,1245.45,14,5
,1135.906,1239.5,3,5
,1921.517,1246.337,14,5
,1321.486,1248.381,0,5
,1600.36,1248.453,12,5
,1205.725,1247.604,18,5
,1460.922,1251.941,4,5
,1656.716,1239.854,3,5
,1960.839,1253.184,18,5
,1812.623,1249.652,12,5
,1352.836,1258.323,6,5
,1489.108,1258.978,4,5
,1774.32,1256.435,6,5
,1399.918,1264.768,14,5
,2027.335,1267.004,3,5
,1985.449,1268.366,0,5
,1715.243,1268.561,6,5
,1516.039,1270.783,6,5
,1554.926,1271.975,3,5
,1582.144,1271.056,18,5
,1688.005,1275.692,3,5
,1765.866,1278.977,0,5
,1928.52,1281.436,0,5
,1330.361,1284.031,6,5
,1468.278,1285.924,4,5
,1791.111,1286.211,18,5
,1662.796,1288.102,0,5
,1138.854,1292.273,14,5
,1622.541,1291.451,0,5
,1889.709,1291.923,3,5
,1525.934,1294.629,6,5
,2004.543,1301.904,3,5
,1552.053,1303.941,6,5
,1646.839,1304.333,0,5
,1697.469,1304.788,6,5
,1828.49,1300.951,18,5
,1270.442,1307.862,18,5
,1095.643,1302.385,14,5
,1218.364,1310.026,3,5
,1601.808,1310.993,6,5
,1340.063,1314.491,18,5
,1394.322,1317.707,18,5
,2038.519,1309.048,3,5
,1790.696,1319.666,18,5
,1305.231,1323.3,4,5
,1822.152,1328.448,12,5
,1368.49,1326.454,14,5
,1886.649,1325.589,0,5
,1916.51,1326.031,0,5
,1088.036,1332.515,14,5
,1668.403,1329.424,14,5
,1057.601,1331.122,18,5
,1427.977,1328.78,6,5
,1960.763,1329.137,12,5
,1521.334,1334.4,14,5
,1414.882,1334.407,0,5
,1449.899,1335.349,3,5
,1171.967,1338.659,4,5
,1581.673,1339.111,12,5
,1861.561,1341.233,12,5
,1773.749,1344.232,4,5
,1483.088,1345.13,3,5
,1354.917,1345.907,18,5
,1617.995,1350.695,0,5
,1797.651,1351.56,12,5
,1279.818,1357.366,0,5
,1592.132,1360.46,12,5
,1123.175,1359.474,14,5
,1069.445,1360.669,18,5
,1094.232,1361.217,6,5
,1885.833,1361.672,6,5
,1392.607,1364.152,0,5
,1419.455,1367.56,12,5
,1827.101,1365.03,14,5
,1255.784,1368.922,18,5
,1768.544,1370.986,0,5
,1366.93,1372.638,18,5
,1971.889,1372.048,6,5
,1454.127,1377.139,3,5
,1740.842,1377.606,12,5
,1336.86,1379.693,0,5
,1156.424,1383.601,18,5
,1189.119,1383.941,18,5
,1674.881,1385.096,18,5
,1529.93,1387.602,12,5
,1623.346,1389.049,12,5
,1709.766,1391.689,12,5
,1019.094,1391.721,6,5
,1404.109,1393.138,12,5
,1239.43,1393.934,18,5
,1915.76,1394.28,4,5
,1494.71,1394.969,12,5
,1794.925,1395.347,14,5
,1320.703,1400.847,12,5
,1880.551,1400.509,26,5
,1552.719,1404.387,0,5
,1976.61,1402.242,0,5
,1117.405,1402.794,4,5
,1216.585,1404.83,14,5
,1644.868,1410.328,18,5
,1088.305,1411.875,4,5
,1296.574,1412.852,3,5
,990.0601,1413.053,12,5
,963.5653,1419.09,18,5
,1419.976,1420.847,6,5
,1993.53,1421.388,18,5
,1581.473,1421.255,0,5
,1199.271,1425.469,18,5
,1454.209,1426.105,4,5
,1607.902,1426.95,12,5
,1522.656,1424.961,12,5
,1735.991,1426.541,14,5
,1178.491,1433.726,0,5
,1017.382,1432.174,18,5
,1626.811,1432.761,12,5
,1694.383,1432.963,12,5
,934.4857,1434.349,18,5
,980.6683,1438.317,18,5
,1663.241,1436.684,12,5
,1845.909,1437.001,12,5
,1812.671,1438.8,0,5
,1919.995,1439.44,18,5
,1129.406,1445.821,12,5
,1986.641,1449.414,0,5
,1159.822,1449.626,0,5
,1535.798,1454.205,0,5
,1298.559,1453.846,0,5
,1712.772,1456.991,12,5
,951.5351,1460.533,18,5
,1487.445,1461.497,12,5
,1600.522,1459.366,0,5
,1756.21,1461.886,12,5
,1388.145,1462.901,0,5
,1465.727,1465.684,0,5
,1106.253,1464.57,18,5
,1253.294,1464.672,0,5
,998.8048,1466.91,18,5
,1440.166,1466.129,0,5
,1898.398,1467.982,3,5
,1199.032,1469.71,12,5
,1935.462,1467.839,3,5
,1568.209,1469.379,12,5
,1666.19,1469.366,14,5
,1346.085,1472.144,14,5
,1086.487,1476.418,6,5
,1616.013,1477.702,6,5
,1059.049,1479.421,4,5
,1159.92,1486.23,12,5
,1777.596,1485.14,6,5
,1713.473,1483.622,6,5
,1268.01,1486.59,18,5
,1917.75,1490.945,6,5
,968.0438,1491.857,18,5
,1458.908,1494.09,12,5
,1526.343,1496.33,4,5
,1867.329,1499.324,3,5
,1331.697,1500.33,0,5
,1947.393,1499.527,3,5
,1689.861,1505.399,0,5
,1723.69,1506.841,12,5
,1593.245,1504.826,6,5
,1804.647,1506.06,6,5
,1085.091,1508.173,4,5
,1365.202,1508.669,12,5
,1285.518,1510.612,14,5
,1305.314,1511.431,4,5
,19.57241,1512.221,0,5
,883.1891,1511.946,14,5
,1248.617,1512.825,4,5
,861.9035,1513.646,3,5
,1425.579,1513.635,12,5
,993.9983,1514.525,17,5
,1055.132,1513.713,14,5
,1842.674,1517.301,3,5
,1389.53,1518.756,4,5
,1496.376,1518.068,12,5
,1759.87,1521.622,14,5
,1521.842,1525.131,4,5
,1566.505,1520.971,6,5
,1452.613,1526.175,12,5
,1150.141,1527.487,12,5
,1066.77,1532.387,14,5
,1362.278,1531.608,0,5
,1815.661,1531.576,6,5
,81.08142,1533.78,12,5
,1257.556,1536.216,0,5
,1538.576,1535.654,4,5
,1131.669,1536.59,0,5
,984.6221,1540.749,12,5
,1042.316,1542.505,4,5
,1300.364,1541.106,4,5
,946.5589,1544.827,14,5
,1473.612,1546.886,4,5
,16.41763,1548.13,6,5
,1114.712,1552.908,14,5
,1504.809,1553.091,4,5
,1567.314,1552.242,6,5
,1134.802,1555.014,0,5
,1362.861,1554.538,6,5
,909.4541,1560.539,18,5
,1800.176,1562.929,6,5
,1743.836,1565.226,3,5
,1543.64,1563.516,6,5
,1261.762,1566.18,0,5
,1668.31,1567.837,6,5
,1853.378,1569.143,3,5
,97.06141,1571.62,3,5
,1071.25,1571.083,18,5
,1201.777,1569.93,6,5
,1038.578,1572.927,6,5
,1178.866,1576.481,0,5
,1648.111,1581.369,4,5
,36.83812,1581.807,3,5
,1707.471,1586.6,0,5
,1389.359,1588.279,0,5
,987.2705,1592.669,12,5
,1026.522,1594.9,0,5
,1203.889,1595.887,0,5
,1777.798,1594.425,0,5
,1609.852,1596.05,6,5
,136.9851,1594.978,6,5
,1669.797,1600.674,0,5
,1730.031,1603.049,0,5
,1694.926,1604.42,6,5
,1801.914,1605.595,18,5
,814.6444,1606.432,6,5
,1762.2,1614.404,6,5
,1597.671,1615.069,0,5
,1133.123,1615.379,0,5
,832.2741,1617.761,6,5
,888.0017,1617.732,18,5
,1055.31,1618.326,12,5
,1018.098,1618.76,0,5
,14.30743,1627.198,3,5
,1275.494,1622.206,6,5
,803.0134,1628.239,18,5
,1695.909,1630.246,0,5
,1241.946,1635.124,21,5
,1798.027,1635.373,3,5
,771.9438,1639.963,6,5
,1726.131,1640.897,6,5
,911.6859,1642.272,3,5
,1040.514,1644.713,4,5
,1570.977,1643.661,0,5
,93.91757,1646.072,0,5
,1760.91,1645.899,6,5
,1639.385,1649.966,0,5
,25.78117,1651.845,0,5
,970.8078,1651.51,0,5
,822.2493,1660.003,12,5
,878.8421,1660.52,3,5
,1687.577,1670.464,6,5
,998.1755,1671.065,6,5
,122.1505,1670.683,6,5
,1034.715,1675.207,3,5
,1807.902,1675.384,3,5
,1648.216,1677.493,12,5
,1725.002,1680.772,12,5
,1837.067,1689.447,6,5
,1759.286,1684.547,6,5
,918.9974,1687.729,12,5
,1591.053,1690.727,3,5
,991.898,1691.775,0,5
,946.5496,1693.412,0,5
,807.4803,1693.243,3,5
,1733.252,1695.583,6,5
,750.2302,1695.04,6,5
,148.6992,1698.571,6,5
,840.7106,1700.09,12,5
,107.3054,1698.484,6,5
,1792.897,1699.588,6,5
,1023.655,1702.871,0,5
,887.2767,1704.59,3,5
,1711.67,1706.551,0,5
,46.45233,1704.627,0,5
,1689.509,1708.48,6,5
,980.3018,1717.26,12,5
,1776.994,1716.313,6,5
,27.13613,1715.83,0,5
,1651.328,1716.868,3,5
,1954.821,1717.804,3,5
,1167.016,1720.24,3,5
,1893.304,1721.778,6,5
,1864.678,1722.591,14,5
,761.1616,1725.241,6,5
,846.8026,1727.625,12,5
,1986.263,1730.457,3,5
,1678.212,1734.36,0,5
,148.3236,1733.21,6,5
,1799.617,1735.729,3,5
,1933.947,1741.946,6,5
,1733.479,1737.811,14,5
,831.8794,1742.316,12,5
,1507.255,1745.274,3,5
,904.9756,1742.924,12,5
,1111.936,1746.417,0,5
,1532.869,1746.461,3,5
,5.138514,1748.743,0,5
,1835.723,1747.797,3,5
,1761.392,1752.813,3,5
,1032.822,1754.379,0,5
,1609.011,1753.407,0,5
,1080.757,1757.008,4,5
,29.74766,1771.859,0,5
,2009.805,1761.81,0,5
,945.8478,1762.565,4,5
,1806.735,1765.51,3,5
,123.7749,1768.285,0,5
,1001.01,1766.922,4,5
,836.8803,1768.19,12,5
,1102.38,1768.681,16,5
,1635.117,1773.301,0,5
,692.68,1774.146,3,5
,744.728,1774.776,3,5
,1591.859,1780.499,0,5
,1664.261,1778.751,4,5
,1921.408,1780.588,3,5
,783.8,1785.317,18,5
,1838.326,1784.989,3,5
,881.3408,1787.697,0,5
,1749.691,1791.992,4,5
,1514.262,1795.69,0,5
,810.5378,1796.306,12,5
,1811.397,1797.264,3,5
,1869.297,1796.57,6,5
,1622.312,1800.015,12,5
,1977.699,1802.962,3,5
,1887.071,1808.397,12,5
,918.8808,1807.35,0,5
,78.63779,1809.161,6,5
,1593.403,1811.332,6,5
,692.09,1815.283,6,5
,755.6417,1812.085,3,5
,1725.636,1819.011,0,5
,1915.769,1818.105,12,5
,857.1148,1821.023,3,5
,1651.215,1823.609,0,5
,1687.972,1823.542,3,5
,1854.399,1824.816,3,5
,1822.678,1822.518,18,5
,937.6221,1817.974,6,5
,158.5222,1829.192,0,5
,805.8399,1829.92,6,5
,1632.412,1830.208,0,5
,26.71823,1831.381,14,5
,130.4072,1832.844,6,5
,988.04,1831.632,16,5
,1745.196,1833.058,0,5
,646.2577,1836.188,6,5
,1589.471,1842.838,0,5
,783.7225,1843.071,18,5
,1886.927,1843.008,4,5
,1935.948,1845.08,0,5
,1665.474,1842.917,14,5
,724.6657,1839.213,3,5
,1980.127,1851.915,14,5
,2042.273,1847.42,3,5
,1769.883,1848.73,0,5
,1024.785,1850.549,16,5
,1709.055,1852.769,3,5
,1817.372,1858.115,14,5
,2019.529,1852.743,0,5
,896.5986,1859.581,4,5
,1914.21,1865.986,0,5
,87.36158,1866.085,0,5
,31.47425,1866.004,6,5
,774.4986,1871.337,6,5
,1686.426,1857.029,3,5
,1871.186,1870.69,3,5
,1730.497,1866.223,12,5
,1648.56,1874.928,0,5
,64.99484,1877.588,14,5
,1572.488,1877.383,0,5
,851.6391,1881.747,3,5
,145.3333,1883.523,6,5
,731.3539,1888.748,6,5
,1952.47,1887.358,0,5
,2005.051,1888.07,18,5
,634.521,1888.842,6,5
,755.2482,1888.527,6,5
,1828.66,1891.932,12,5
,1582.721,1896.555,0,5
,833.7673,1894.461,3,5
,1861.284,1903.411,12,5
,1894.859,1894.094,14,5
,1706.354,1895.017,3,5
,712.9557,1899.644,4,5
,1668.925,1901.759,14,5
,1750.674,1900.507,12,5
,946.9321,1904.989,16,5
,1810.299,1907.306,4,5
,976.8006,1906.925,3,5
,59.31935,1910.338,0,5
,738.8955,1913.087,3,5
,1963.676,1913.754,0,5
,796.8983,1917.139,0,5
,1937.056,1918.983,4,5
,585.8653,1922.211,4,5
,1711.942,1923.241,12,5
,1982.61,1921.657,0,5
,765.4819,1923.39,4,5
,823.0161,1924.21,4,5
,1683.783,1924.412,4,5
,656.1525,1923.393,4,5
,2043.224,1926.079,3,5
,726.5704,1931.338,4,5
,1783.101,1933.924,14,5
,1953.227,1936.628,6,5
,1854.349,1937.589,0,5
,1827.936,1940.142,4,5
,1607.14,1940.365,0,5
,1925.611,1942.147,4,5
,673.3741,1944.028,0,5
,830.914,1943.47,3,5
,169.6934,1944.994,16,5
,924.3602,1946.072,16,5
,581.6764,1946.638,6,5
,1712.416,1948.763,0,5
,1879.333,1949.211,0,5
,107.6115,1954.561,16,5
,622.0155,1955.041,6,5
,1794.496,1956.178,12,5
,2018.744,1955.053,3,5
,548.9688,1960.77,6,5
,1668.804,1960.358,0,5
,1847.23,1958.888,3,5
,1632.532,1963.535,0,5
,1939.061,1964.427,3,5
,1739.136,1967.713,0,5
,2002.945,1969.716,3,5
,689.0792,1971.757,14,5
,735.6558,1976.94,6,5
,1712.438,1975.164,6,5
,1917.302,1974.921,17,5
,1692.758,1974.818,12,5
,1782.151,1976.466,6,5
,605.7664,1979.362,6,5
,1837.18,1983.551,3,5
,1587.011,1984.136,16,5
,1761.255,1984.809,0,5
,781.904,1986.394,0,5
,1997.252,1990.464,3,5
,1672.431,1991.915,12,5
,2037.09,1994.26,3,5
,1886.621,1994.951,4,5
,1701.635,1998.598,0,5
,1965.942,2003.528,17,5
,587.5467,2006.527,21,5
,651.4242,2004.442,0,5
,1792.763,2008.581,4,5
,1848.079,2007.649,6,5
,1684.198,2013.63,0,5
,1820.932,2013.995,14,5
,689.5011,2016.823,0,5
,2018.728,2018.975,4,5
,1966.738,2024.956,3,5
,639.0426,2028.814,6,5
,1705.437,2029.112,12,5
,1860.804,2027.642,6,5
,1934.543,2032.578,3,5
,1730.864,2035.062,0,5
,1802.809,2036.859,0,5
,602.2086,2036.891,6,5
,1885.907,2037.559,3,5
,730.4365,2038.615,0,5
,1831.055,2039.269,6,5
,681.6388,2041.26,0,5
,1030.519,3.792208,16,5
,1474.718,4.513889,0,5
,1443.886,4.807229,6,5
,1258.058,10.27885,16,5
,407.632,11.89443,8,5
,1985.58,11.57325,16,5
,1529.666,15.06743,4,5
,754.2054,15.8227,3,5
,1038.555,18.55691,16,5
,956.5789,28.10526,0,5
,1407.414,32.54286,16,5
,1444.724,29.4209,6,5
,753.9888,35.14179,3,5
,60.70667,36.02222,16,5
,1032.58,42.99425,6,5
,1477.76,45.35699,6,5
,958.6009,54.08184,4,5
,663.0815,63.04891,9,5
,1501.74,63.45154,0,5
,2034.781,65.90625,11,5
,650.187,65.15447,20,5
,1031.417,67.19694,4,5
,960.709,80.53067,4,5
,1446.107,86.38835,4,5
,317.3313,95.74468,11,5
,1009.854,108.1563,16,5
,901.109,110.5603,4,5
,1292.277,114.0409,20,5
,1491.006,115.8901,6,5
,851.687,114.8978,3,5
,1379.838,126.8375,16,5
,1458.992,125.6263,4,5
,1019.558,143.1083,16,5
,1262.029,147.4712,16,5
,1036.832,155.7548,16,5
,63.96183,159.1107,11,5
,650.7879,158.1439,11,5
,1092.665,175.2582,16,5
,611.9323,178.7669,11,5
,803.1198,187.3118,6,5
,1303.552,205.1714,16,5
,1170.022,206.8688,16,5
,1092.193,207.9817,16,5
,1254.88,216.6267,16,5
,1414.605,221.9586,4,5
,1440.265,219.4405,6,5
,1226.556,230.4422,20,5
,372.2491,229.8669,2,5
,1114.971,241.0986,16,5
,1347.468,238.8449,6,5
,601.0583,240.325,13,5
,1174.346,247.8974,16,5
,1284.853,247.1703,4,5
,1394.199,248.894,6,5
,1373.796,254.5177,4,5
,1177.079,272.3878,16,5
,434.4907,282.3947,11,5
,578.7419,291.0938,11,5
,1210.191,299.1854,22,5
,1049.026,303.2338,16,5
,916.6175,302.123,14,5
,1029.983,309.4808,6,5
,596.8759,320.0,11,5
,1078.695,320.7198,16,5
,1011.616,323.6719,6,5
,1031.607,334.0462,16,5
,1063.994,337.7161,16,5
,1109.533,338.9965,16,5
,62.24,343.23,0,5
,33.9658,350.5511,6,5
,1114.107,354.7737,4,5
,1131.382,356.3776,6,5
,640.4167,360.3333,16,5
,1097.206,364.3408,16,5
,1073.262,360.8868,4,5
,840.3555,369.0078,11,5
,768.8023,368.966,2,5
,1111.872,374.8602,6,5
,1060.627,380.4139,6,5
,64.27755,382.7704,6,5
,1528.212,391.6379,18,5
,1233.571,396.4344,4,5
,1076.959,396.1169,6,5
,1031.611,397.224,0,5
,73.90828,402.3047,6,5
,1042.053,415.9613,6,5
,1040.814,449.2791,0,5
,1142.236,466.3841,4,5
,1009.644,479.4976,0,5
,1086.404,486.5601,12,5
,413.6618,501.4971,11,5
,1007.519,506.2444,6,5
,1047.572,505.2646,4,5
,41.91079,513.3236,14,5
,500.7561,515.4959,0,5
,1018.773,513.8369,0,5
,1038.537,526.2028,6,5
,1014.162,532.9615,0,5
,542.5254,560.8136,8,5
,1399.738,582.7844,8,5
,170.1201,706.4629,4,5
,948.1176,714.6176,18,5
,377.2698,733.3238,0,5
,360.2469,758.1004,14,5
,469.5125,765.2117,4,5
,492.2674,785.9077,14,5
,2033.618,783.3795,6,5
,1751.303,793.596,20,5
,404.852,806.7588,0,5
,462.807,821.8567,18,5
,1377.456,854.5153,2,5
,444.8555,856.2092,0,5
,2012.564,866.0338,3,5
,1370.5,871.4565,11,5
,274.3458,879.5896,6,5
,485.4961,897.7031,6,5
,251.2176,898.2743,4,5
,748.0365,900.3744,13,5
,284.4882,904.4898,6,5
,254.3921,928.0935,6,5
,272.3007,932.2322,6,5
,240.5462,932.7087,6,5
,459.7703,942.2815,3,5
,254.3755,947.4253,6,5
,228.9138,949.4401,14,5
,681.1481,950.3704,13,5
,677.5489,966.366,13,5
,1949.549,984.8178,0,5
,481.1124,991.0241,18,5
,206.0117,1003.135,18,5
,1122.159,1003.609,2,5
,431.6503,1018.381,6,5
,1888.976,1022.288,18,5
,1813.04,1065.889,6,5
,486.9781,1072.336,3,5
,655.641,1074.141,20,5
,197.9504,1101.888,6,5
,562.2658,1132.996,5,5
,202.8242,1144.59,0,5
,383.2407,1146.68,6,5
,545.9647,1158.0,13,5
,69.01154,1171.698,2,5
,536.1739,1183.594,2,5
,547.5043,1186.504,20,5
,426.2528,1197.954,6,5
,478.9545,1199.818,11,5
,434.9462,1227.683,11,5
,1694.128,1229.761,6,5
,1434.1,1232.778,14,5
,453.3889,1238.492,11,5
,307.3594,1264.234,2,5
,1440.581,1266.126,6,5
,1228.19,1268.886,14,5
,614.9604,1286.95,2,5
,218.2504,1298.336,11,5
,637.9007,1302.728,6,5
,446.0136,1336.433,2,5
,498.2989,1378.707,6,5
,1053.544,1382.603,12,5
,281.9714,1391.345,11,5
,470.8315,1407.625,2,5
,1964.748,1420.282,6,5
,452.6809,1420.436,23,5
,1284.624,1429.654,0,5
,230.5122,1435.146,11,5
,1059.417,1427.022,4,5
,247.314,1450.695,8,5
,1581.953,1450.534,0,5
,292.3249,1488.35,11,5
,1635.134,1499.334,6,5
,1609.933,1507.048,12,5
,385.1085,1514.139,2,5
,340.5237,1536.97,2,5
,45.0566,1538.141,3,5
,1378.589,1549.06,6,5
,1359.076,1566.609,6,5
,456.9583,1595.125,2,5
,325.9509,1603.811,11,5
,1493.552,1608.77,16,5
,1305.548,1611.022,6,5
,1461.847,1614.822,20,5
,1425.955,1617.27,22,5
,1364.28,1619.434,16,5
,1332.996,1622.955,16,5
,1196.644,1629.11,16,5
,362.1283,1632.773,11,5
,1297.315,1633.603,16,5
,1347.855,1633.445,16,5
,1430.151,1634.527,16,5
,1307.459,1645.561,6,5
,1204.814,1648.061,6,5
,5.548387,1650.887,6,5
,1290.308,1651.816,16,5
,1251.213,1654.184,6,5
,743.6903,1654.45,3,5
,60.74985,1661.408,6,5
,1194.672,1661.484,6,5
,1232.604,1666.219,6,5
,1443.5,1665.792,16,5
,1307.883,1669.505,13,5
,1340.1,1677.021,16,5
,15.90997,1679.019,6,5
,1318.313,1683.501,16,5
,1164.413,1689.585,6,5
,726.092,1692.284,6,5
,1289.291,1692.99,10,5
,1225.107,1696.049,3,5
,1333.281,1708.922,16,5
,70.65666,1707.937,0,5
,1298.755,1712.082,16,5
,1289.577,1721.144,16,5
,1324.315,1720.88,16,5
,88.59241,1725.221,6,5
,1248.091,1725.182,1,5
,1196.586,1725.953,22,5
,169.1089,1729.284,6,5
,710.556,1732.253,14,5
,1272.519,1734.452,6,5
,1242.485,1737.182,16,5
,1268.012,1750.547,20,5
,1184.333,1754.183,20,5
,1118.045,1759.341,16,5
,86.38306,1761.286,6,5
,1411.946,1767.667,22,5
,731.4536,1774.142,6,5
,1072.624,1778.559,6,5
,1129.822,1781.736,20,5
,1087.703,1784.129,18,5
,1153.581,1789.392,16,5
,56.84444,1795.164,6,5
,1063.274,1796.692,3,5
,1164.1,1797.42,20,5
,117.5502,1800.828,6,5
,1085.191,1804.955,6,5
,1020.802,1806.051,6,5
,1416.936,1812.128,11,5
,1100.312,1818.925,16,5
,2013.301,1819.455,18,5
,2032.864,1821.475,14,5
,52.71401,1829.144,14,5
,1032.957,1828.787,16,5
,1140.105,1834.857,16,5
,12.64026,1827.337,14,5
,1362.696,1840.93,1,5
,1119.783,1841.683,16,5
,953.6474,1843.046,16,5
,624.5632,1848.804,6,5
,171.1805,1849.909,14,5
,982.9854,1850.664,16,5
,1228.045,1860.552,16,5
,1316.901,1862.824,16,5
,1588.566,1863.526,12,5
,1264.601,1864.988,20,5
,976.8106,1871.025,20,5
,1357.252,1872.307,6,5
,1141.729,1876.729,16,5
,1215.02,1880.529,16,5
,868.8026,1881.246,12,5
,929.8212,1890.351,16,5
,29.31034,1899.954,0,5
,1353.593,1901.126,16,5
,918.7913,1904.378,16,5
,1318.011,1912.514,16,5
,1187.405,1912.917,16,5
,1118.171,1921.22,16,5
,629.3478,1923.544,14,5
,907.2135,1927.276,6,5
,941.1765,1931.647,16,5
,1320.056,1933.009,16,5
,79.50602,1933.06,0,5
,1372.293,1937.634,16,5
,1297.024,1947.464,16,5
,1213.173,1947.02,16,5
,1264.143,1952.048,16,5
,1384.5,1953.324,16,5
,1311.05,1956.631,16,5
,859.5931,1965.51,16,5
,1262.789,1967.561,20,5
,1335.773,1968.625,16,5
,1572.974,1969.702,16,5
,2037.15,1968.874,6,5
,1082.869,1972.277,20,5
,1109.853,1971.778,16,5
,112.8143,1973.671,0,5
,1250.204,1982.585,20,5
,860.8674,1983.663,16,5
,1391.228,1989.156,16,5
,1209.829,1990.973,16,5
,1238.271,1995.977,16,5
,1404.704,2000.357,16,5
,13.25,2006.0,16,5
,763.3353,2006.243,6,5
,845.3468,2008.879,20,5
,2036.325,2010.127,3,5
,1122.621,2011.253,16,5
,1569.534,2012.967,11,5
,1163.878,2014.358,16,5
,1230.354,2015.625,16,5
,1422.432,2016.759,16,5
,835.2241,2020.931,16,5
,1440.128,2021.455,16,5
,1290.086,2023.649,16,5
,802.9889,2026.333,6,5
,1396.047,2023.335,16,5
,1492.926,2025.423,16,5
,1422.953,2031.698,16,5
,1169.786,2036.5,16,5
,1506.029,2039.59,16,5
,1451.621,2041.253,16,5
,1478.319,2042.442,20,5
,1603.312,2041.759,16,5
,2016.295,2041.339,3,5
,2037.963,2042.153,6,5
,686.4038696,6.955665112,11,5
,439.834198,10.1552,8,5
,344.7492981,12.19764042,10,5
,1718.921997,17.93367958,3,5
,725.6481934,21.83794022,24,5
,381.1860962,22.39538002,8,5
,700.8944092,22.28152084,24,5
,361.2392883,23.33699989,10,5
,286.6293945,53.79161072,8,5
,205.2469025,59.22182083,9,5
,406.969696,63.08826828,1,5
,315.1799011,73.99549866,10,5
,208.6475983,79.20594025,8,5
,184.699707,83.3530426,7,5
,106.7894974,87.80921173,8,5
,161.7996063,90.7077179,10,5
,336.6965027,92.93353271,10,5
,299.1781006,95.14061737,10,5
,153.6338043,106.346199,7,5
,692.5667725,112.7491989,10,5
,180.7507935,120.0016022,7,5
,87.1639328,123.4941025,8,5
,141.2671967,130.4396973,11,5
,194.5628052,137.0590973,7,5
,7.173745155,171.3011932,1,5
,113.9257965,173.2241974,7,5
,1922.776001,176.5787048,8,5
,520.0493164,178.3731995,11,5
,114.3671036,200.0256958,7,5
,1976.738037,201.7830963,8,5
,390.8461914,231.1094971,8,5
,1921.108032,230.3173065,11,5
,657.0,249.0,1,5
,342.3832092,266.1776123,19,5
,511.6885071,268.6119995,10,5
,295.7636108,271.6149902,10,5
,778.0067749,290.618988,11,5
,1809.685059,299.1170959,8,5
,1898.067993,309.6846008,10,5
,1762.812012,315.5234985,8,5
,383.5286865,332.4713135,10,5
,601.503479,337.107605,10,5
,824.3150024,339.5185852,9,5
,1918.980957,340.1032104,10,5
,1550.694946,348.1748047,3,5
,108.9031982,348.9255981,23,5
,257.0957947,369.289093,7,5
,1924.052002,386.8406982,19,5
,348.9525146,393.7243042,1,5
,406.5614014,394.0174866,7,5
,631.8405151,403.4442139,1,5
,355.1409912,409.5769043,7,5
,658.2717285,407.8713989,1,5
,336.8270874,413.4950867,7,5
,1900.69104,414.2943115,10,5
,1853.189941,416.112793,7,5
,1926.186035,416.6051941,8,5
,591.805603,421.0703125,10,5
,299.5845947,440.9845886,5,5
,319.4129944,447.4057922,1,5
,1935.343994,447.5392151,7,5
,62.55643082,472.5065918,10,5
,275.2760925,474.092804,10,5
,1912.675049,473.9526978,7,5
,486.5939941,482.9790955,7,5
,184.9615021,486.3316956,10,5
,393.5087891,489.7981873,10,5
,575.8967896,495.4902954,19,5
,709.7363281,496.3055115,10,5
,665.2982178,504.1491089,8,5
,524.1279297,525.3425293,1,5
,224.8666992,544.1448975,7,5
,621.8186035,545.4708862,7,5
,261.3186035,551.0665283,10,5
,652.890625,552.75,1,5
,1355.399048,566.3690186,8,5
,291.3980103,568.0458984,3,5
,110.1848984,573.7158203,11,5
,1332.582031,583.7244873,11,5
,675.1519775,591.7600098,9,5
,1318.380005,602.8007202,10,5
,761.4151001,608.8781128,8,5
,453.2752075,611.7888184,3,5
,1343.042969,616.4130859,8,5
,668.1273804,619.3170776,9,5
,802.9595947,621.5253296,8,5
,1693.852051,622.1381836,1,5
,682.6334229,622.5916138,7,5
,1896.743042,635.5874023,13,5
,1328.488037,660.6065063,11,5
,709.6906128,660.574585,7,5
,728.9144287,683.9127197,13,5
,743.2636108,684.536377,13,5
,1185.171021,713.4578857,10,5
,1198.291016,723.3023071,10,5
,697.2352905,732.3406982,7,5
,1725.213989,744.1732178,8,5
,1497.68396,755.5734253,23,5
,1288.588989,759.5084229,2,5
,1515.381958,764.1212158,9,5
,659.0598755,767.546875,10,5
,1562.608032,777.0614014,9,5
,715.8812256,783.4586182,10,5
,652.0708008,792.9782104,10,5
,672.1939697,799.3411255,8,5
,906.7244263,801.1591187,13,5
,1087.58606,800.859314,7,5
,881.1889038,803.4890747,13,5
,917.6196289,817.4918213,13,5
,1733.588989,820.8239746,19,5
,1062.488037,821.0576172,7,5
,1641.676025,822.2393799,10,5
,1812.439941,829.8265991,9,5
,1677.473999,844.1126099,8,5
,658.9450073,846.1500854,10,5
,1063.232056,864.0535889,11,5
,676.8684082,868.6644897,10,5
,950.3314819,871.6116943,19,5
,1455.922974,873.3945923,8,5
,658.730896,873.807373,17,5
,1976.212036,883.4058838,7,5
,967.5280151,883.3209229,19,5
,632.8192139,892.4700928,17,5
,1040.015991,896.8043213,8,5
,698.8457031,918.3026123,7,5
,1324.053955,932.3557129,23,5
,1796.902954,940.6456909,9,5
,625.0883179,947.5064697,7,5
,1648.613037,966.8065796,17,5
,1444.187012,993.1405029,9,5
,1317.68103,1005.554993,24,5
,1327.355957,1041.373047,11,5
,1276.708008,1058.43103,9,5
,606.7258301,1061.241943,2,5
,1718.012939,1074.267944,8,5
,1349.025024,1082.422974,8,5
,1288.009033,1083.94397,8,5
,1376.380005,1092.034058,9,5
,580.0765991,1102.220947,10,5
,557.3759155,1112.698975,10,5
,1391.241943,1117.609009,9,5
,521.8463135,1118.625,9,5
,1210.374023,1133.354004,9,5
,1085.034058,1137.677002,10,5
,1100.269043,1139.025024,9,5
,1113.296021,1154.968018,8,5
,27.30385971,1156.813965,1,5
,867.5571289,1159.313965,13,5
,50.37469864,1165.98999,11,5
,1087.828979,1166.171021,9,5
,489.8778992,1179.245972,11,5
,1161.223022,1178.366943,7,5
,33.61521149,1186.682007,11,5
,1080.844971,1193.067017,10,5
,634.6936035,1195.990967,17,5
,1093.015015,1208.759033,11,5
,1118.409058,1210.619995,8,5
,1051.258057,1218.56897,9,5
,62.55709076,1236.358032,11,5
,885.2559814,1242.560059,10,5
,1081.630981,1246.286987,10,5
,869.1467896,1250.261963,2,5
,1064.369995,1250.649048,19,5
,976.8776855,1259.916992,1,5
,114.5407028,1259.275024,23,5
,954.3508911,1272.254028,11,5
,345.0,1276.328979,11,5
,7.646914005,1279.415039,1,5
,1123.243042,1290.267944,10,5
,33.82175064,1294.207031,11,5
,242.2472992,1299.61499,11,5
,324.0,1308.688965,1,5
,996.9920044,1313.150024,19,5
,1046.765015,1318.953003,1,5
,16.01531982,1325.785034,17,5
,262.0997009,1326.787964,1,5
,41.2447319,1339.154053,1,5
,852.9934082,1346.717041,7,5
,30.9559803,1357.927002,1,5
,211.6327057,1361.128052,11,5
,990.1572876,1367.437012,19,5
,59.43793106,1370.146973,1,5
,199.0709076,1377.109985,19,5
,520.5181274,1380.921997,13,5
,219.8477936,1380.897949,11,5
,247.4806976,1380.03894,9,5
,330.6476135,1398.990967,10,5
,907.8461914,1398.703003,1,5
,929.0864258,1407.723022,1,5
,272.6796875,1416.536987,8,5
,248.8795013,1422.126953,23,5
,1492.879028,1428.833984,3,5
,267.2980042,1457.948975,1,5
,2013.644043,1467.464966,17,5
,38.71125031,1470.829956,10,5
,133.1085052,1479.491943,7,5
,702.5061035,1480.819946,1,5
,150.9342957,1481.697021,7,5
,167.5885925,1489.227051,7,5
,511.7712097,1504.75,7,5
,2021.244019,1503.334961,1,5
,798.3522949,1514.915039,24,5
,145.1714935,1530.563965,7,5
,160.420105,1539.088013,10,5
,1988.354004,1557.874023,7,5
,339.4624023,1569.881958,10,5
,1981.5,1574.192017,10,5
,1916.942993,1577.715942,1,5
,300.1498108,1591.718994,10,5
,1957.11499,1591.612061,9,5
,1975.003052,1594.311035,1,5
,2020.776001,1605.880981,8,5
,276.9819031,1613.185059,10,5
,2011.082031,1615.300049,8,5
,289.0447998,1634.521973,1,5
,614.2481079,1643.238037,10,5
,1011.801025,1654.75,17,5
,202.7671051,1660.562012,11,5
,1978.703979,1664.786987,9,5
,2032.988037,1667.358032,8,5
,246.3562012,1676.990967,7,5
,274.7954102,1683.797974,7,5
,2036.980957,1691.541016,19,5
,640.6625977,1692.385986,11,5
,2019.881958,1692.389038,1,5
,262.6323853,1700.76001,7,5
,1190.526978,1706.387939,11,5
,240.1757965,1714.131958,9,5
,293.3830872,1749.305054,7,5
,561.6060181,1754.743042,17,5
,267.8204041,1772.823975,9,5
,571.7203979,1779.16394,8,5
,1959.551025,1780.140991,3,5
,613.0598755,1781.718994,8,5
,552.2590942,1819.706055,7,5
,214.1130981,1834.378052,1,5
,576.3485718,1834.416992,11,5
,965.194397,1856.277954,20,5
,479.9771118,1860.331055,10,5
,233.6739044,1860.822998,1,5
,322.5704956,1878.781982,23,5
,447.8416138,1887.171021,1,5
,1778.962036,1896.123047,19,5
,238.2019043,1914.026001,8,5
,508.3355103,1914.593994,9,5
,522.9041138,1919.071045,9,5
,1282.802002,1925.517944,10,5
,270.8460083,1926.29895,1,5
,412.4580994,1940.715942,10,5
,222.1652069,1948.416992,10,5
,406.1214905,1956.729004,10,5
,1901.54895,1959.136963,17,5
,356.7543945,1960.029053,10,5
,487.2102051,1965.259033,10,5
,221.4268951,1971.031982,10,5
,333.5007019,1975.56604,10,5
,1490.387939,1985.963013,8,5
,261.5914001,1992.06604,10,5
,156.8829041,1993.046997,7,5
,440.9783936,2001.061035,8,5
,206.2980957,2000.479004,10,5
,214.0588074,2021.25,10,5
,412.3757935,2039.437988,9,5
,1703.530029,451.7724915,23,5
,614.4797974,570.7167969,23,5
,838.8280029,719.0952148,23,5
,891.5656128,744.2000122,23,5
,1552.004028,905.0145874,23,5
,1775.858032,925.3342896,23,5
,1113.14502,1085.06604,23,5
,1167.421021,1152.392944,23,5
,919.4736938,1371.634033,23,5
,827.677002,1502.985962,23,5
